game,kick,dk_market,bs_line,bs_minus_dk_home_pts,bs_side,net_unit_edge_z,net_unit_favors,net_vs_bs,n_flags,n_near,bs_version,bs_published_at,dk_updated
CIN@MIA,2026-10-11T17:00Z,CIN -7.0,CIN -11.2,4.2,CIN,10.92,CIN,WITH B$,1,2,5,2026-10-06T16:09:58.364Z,2026-10-06T14:24:40Z
PHI@JAX,2026-10-11T13:30Z,JAX -6.5,JAX -13.0,-6.5,JAX,10.52,JAX,WITH B$,0,1,6,2026-10-06T16:09:58.364Z,2026-10-06T14:24:40Z
MIN@NO,2026-10-11T17:00Z,MIN -1.5,MIN -7.7,6.2,MIN,8.92,MIN,WITH B$,1,0,5,2026-10-06T16:09:58.364Z,2026-10-06T14:24:40Z
DET@ARI,2026-10-11T20:25Z,DET -4.5,DET -6.1,1.59,DET,7.59,DET,WITH B$,0,1,5,2026-10-06T16:09:58.364Z,2026-10-06T14:24:40Z
LV@NE,2026-10-11T17:00Z,NE -3.5,LV -5.0,8.51,LV,5.87,LV,WITH B$,1,0,5,2026-10-06T16:09:58.364Z,2026-10-06T14:24:40Z
CHI@GB,2026-10-11T17:00Z,CHI -3.0,CHI -11.0,8.04,CHI,5.2,CHI,WITH B$,1,0,6,2026-10-06T16:09:58.364Z,2026-10-06T14:24:40Z
BAL@ATL,2026-10-12T00:20Z,ATL -2.5,BAL -1.5,4.04,BAL,4.16,ATL,AGAINST B$,0,1,6,2026-10-06T16:09:58.364Z,2026-10-06T14:24:40Z
TB@DAL,2026-10-09T00:15Z,DAL -9.5,DAL -10.1,-0.61,DAL,3.46,DAL,WITH B$,0,2,6,2026-10-06T16:09:58.364Z,2026-10-06T14:24:40Z
SF@SEA,2026-10-11T20:25Z,SEA -2.5,SEA -0.5,1.96,SF,3.45,SEA,AGAINST B$,1,0,5,2026-10-06T16:09:58.364Z,2026-10-06T14:24:40Z
DEN@LAC,2026-10-11T20:05Z,DEN -3.5,DEN -3.5,0.04,none,3.27,DEN,none,1,1,5,2026-10-06T16:09:58.364Z,2026-10-06T14:24:40Z
CLE@NYJ,2026-10-11T17:00Z,NYJ -2.5,NYJ -5.4,-2.87,NYJ,3.16,CLE,AGAINST B$,1,0,6,2026-10-06T16:09:58.364Z,2026-10-06T14:24:40Z
BUF@LAR,2026-10-13T00:15Z,LAR -2.5,LAR -5.8,-3.28,LAR,2.75,LAR,WITH B$,1,1,5,2026-10-06T16:09:58.364Z,2026-10-06T14:24:40Z
IND@PIT,2026-10-11T17:00Z,PIT -2.5,PIT -5.6,-3.11,PIT,1.55,PIT,WITH B$,0,1,5,2026-10-06T16:09:58.364Z,2026-10-06T14:24:40Z
HOU@TEN,2026-10-11T17:00Z,HOU -6.5,HOU -3.1,-3.4,TEN,1.45,HOU,AGAINST B$,1,0,5,2026-10-06T16:09:58.364Z,2026-10-06T14:24:40Z
NYG@WSH,2026-10-11T17:00Z,WSH -3.0,NYG -9.0,12.0,NYG,0.26,WSH,AGAINST B$,1,1,5,2026-10-06T16:09:58.364Z,2026-10-06T14:24:40Z
