game,kick,pairing,offense,defense,off_unit,off_rank_raw,off_rank_adj,def_unit,def_rank_raw,def_rank_adj,edge_z_adj,edge_z_raw,favored,flag,near_flag,bs_line,dk_market,bs_side,vs_bs,qb_note,abs_edge
CLE@NYJ,2026-10-11T17:00Z,Sacks GU vs Sacks,NYJ,CLE,Sacks GU,30,30,Sacks,7,6,-2.81,-2.59,CLE,True,False,NYJ -5.4,NYJ -2.5,NYJ,AGAINST B$,,2.81
MIN@NO,2026-10-11T17:00Z,Run O vs Run D,NO,MIN,Run O,30,31,Run D,4,3,-2.67,-2.58,MIN,True,False,MIN -7.7,MIN -1.5,MIN,WITH B$,,2.67
NYG@WSH,2026-10-11T17:00Z,WR+TE vs DB+LB cov,WSH,NYG,WR+TE,32,31,DB+LB cov,6,6,-2.6,-2.63,NYG,True,False,NYG -9.0,WSH -3.0,NYG,WITH B$,"WSH QB1 Daniels OUT, Mariota DOUBTFUL (Kaliakmanis threw most W4)",2.6
DEN@LAC,2026-10-11T20:05Z,OL pass-block vs DL pass-rush,LAC,DEN,OL pass-block,27,29,DL pass-rush,6,6,-2.41,-1.91,DEN,True,False,DEN -3.5,DEN -3.5,none (B$≈DK),none,,2.41
SF@SEA,2026-10-11T20:25Z,Sacks GU vs Sacks,SEA,SF,Sacks GU,9,6,Sacks,29,29,2.32,2.06,SEA,True,False,SEA -0.5,SEA -2.5,SF,AGAINST B$,,2.32
BUF@LAR,2026-10-13T00:15Z,Run O vs Run D,LAR,BUF,Run O,6,6,Run D,27,25,2.12,2.33,LAR,True,False,LAR -5.8,LAR -2.5,LAR,WITH B$,,2.12
CHI@GB,2026-10-11T17:00Z,OL pass-block vs DL pass-rush,CHI,GB,OL pass-block,6,7,DL pass-rush,28,27,2.07,2.47,CHI,True,False,CHI -11.0,CHI -3.0,CHI,WITH B$,"CHI QB1 Caleb Williams OUT (Keenum W3, Bagent W4 started)",2.07
CIN@MIA,2026-10-11T17:00Z,OL pass-block vs DL pass-rush,MIA,CIN,OL pass-block,26,27,DL pass-rush,7,7,-1.88,-1.87,CIN,True,False,CIN -11.2,CIN -7.0,CIN,WITH B$,,1.88
LV@NE,2026-10-11T17:00Z,Sacks GU vs Sacks,LV,NE,Sacks GU,2,5,Sacks,21,25,1.84,1.66,LV,True,False,LV -5.0,NE -3.5,LV,WITH B$,,1.84
HOU@TEN,2026-10-11T17:00Z,WR+TE vs DB+LB cov,HOU,TEN,WR+TE,10,7,DB+LB cov,28,27,1.71,1.71,HOU,True,False,HOU -3.1,HOU -6.5,TEN,AGAINST B$,,1.71
DET@ARI,2026-10-11T20:25Z,WR+TE vs DB+LB cov,DET,ARI,WR+TE,12,9,DB+LB cov,31,32,2.64,2.22,DET,False,True,DET -6.1,DET -4.5,DET,WITH B$,,2.64
NYG@WSH,2026-10-11T17:00Z,Sacks GU vs Sacks,WSH,NYG,Sacks GU,6,9,Sacks,31,31,2.36,2.49,WSH,False,True,NYG -9.0,WSH -3.0,NYG,AGAINST B$,"WSH QB1 Daniels OUT, Mariota DOUBTFUL (Kaliakmanis threw most W4)",2.36
BAL@ATL,2026-10-12T00:20Z,OL pass-block vs DL pass-rush,ATL,BAL,OL pass-block,2,2,DL pass-rush,20,23,2.32,1.98,ATL,False,True,BAL -1.5,ATL -2.5,BAL,AGAINST B$,,2.32
DEN@LAC,2026-10-11T20:05Z,WR+TE vs DB+LB cov,LAC,DEN,WR+TE,29,29,DB+LB cov,14,10,-2.08,-1.63,DEN,False,True,DEN -3.5,DEN -3.5,none (B$≈DK),none,,2.08
CIN@MIA,2026-10-11T17:00Z,OL pass-block vs DL pass-rush,CIN,MIA,OL pass-block,7,4,DL pass-rush,25,24,1.98,2.02,CIN,False,True,CIN -11.2,CIN -7.0,CIN,WITH B$,,1.98
PHI@JAX,2026-10-11T13:30Z,Run O vs Run D,JAX,PHI,Run O,10,9,Run D,24,27,1.92,1.46,JAX,False,True,JAX -13.0,JAX -6.5,JAX,WITH B$,,1.92
TB@DAL,2026-10-09T00:15Z,OL pass-block vs DL pass-rush,DAL,TB,OL pass-block,9,10,DL pass-rush,30,28,1.85,1.85,DAL,False,True,DAL -10.1,DAL -9.5,DAL,WITH B$,,1.85
IND@PIT,2026-10-11T17:00Z,Run O vs Run D,PIT,IND,Run O,12,8,Run D,26,24,1.66,1.69,PIT,False,True,PIT -5.6,PIT -2.5,PIT,WITH B$,,1.66
CIN@MIA,2026-10-11T17:00Z,Sacks GU vs Sacks,MIA,CIN,Sacks GU,23,23,Sacks,5,4,-1.64,-1.63,CIN,False,True,CIN -11.2,CIN -7.0,CIN,WITH B$,,1.64
TB@DAL,2026-10-09T00:15Z,Sacks GU vs Sacks,DAL,TB,Sacks GU,8,7,Sacks,25,23,1.49,1.49,DAL,False,True,DAL -10.1,DAL -9.5,DAL,WITH B$,,1.49
BUF@LAR,2026-10-13T00:15Z,OL pass-block vs DL pass-rush,BUF,LAR,OL pass-block,25,25,DL pass-rush,11,10,-1.0,-1.19,LAR,False,True,LAR -5.8,LAR -2.5,LAR,WITH B$,,1.0
