team,unit,raw_rank,adj_rank,raw_z,adj_z
ARI,OL,21,17,-0.39,-0.42
ARI,DL,18,17,-0.23,-0.23
ARI,Run O,13,13,0.42,0.14
ARI,Run D,7,6,0.86,0.72
ARI,WR,31,30,-1.51,-1.51
ARI,TE,10,9,0.66,0.66
ARI,DB,30,32,-1.41,-1.86
ARI,LB,28,28,-1.36,-1.36
ARI,Sacks,11,11,0.4,0.4
ARI,Sacks GU,3,2,1.13,1.1
ATL,OL,8,6,0.93,1.09
ATL,DL,1,1,2.48,2.48
ATL,Run O,3,2,1.43,1.5
ATL,Run D,2,1,1.9,1.83
ATL,WR,15,13,-0.02,-0.02
ATL,TE,25,24,-0.79,-0.79
ATL,DB,18,13,0.04,0.1
ATL,LB,19,16,-0.14,-0.14
ATL,Sacks,28,28,-1.12,-1.13
ATL,Sacks GU,25,24,-0.69,-0.67
BAL,OL,24,16,-0.59,-0.41
BAL,DL,13,16,0.35,-0.09
BAL,Run O,7,10,1.1,0.66
BAL,Run D,12,11,0.45,0.31
BAL,WR,2,3,1.54,1.5
BAL,TE,12,11,0.47,0.47
BAL,DB,12,10,0.36,0.36
BAL,LB,6,6,0.92,0.92
BAL,Sacks,24,24,-0.65,-0.79
BAL,Sacks GU,15,11,0.28,0.6
BUF,OL,4,3,1.46,1.46
BUF,DL,5,4,1.12,1.12
BUF,Run O,2,3,1.51,1.49
BUF,Run D,27,25,-1.17,-1.11
BUF,WR,9,8,0.9,0.43
BUF,TE,9,8,0.72,0.72
BUF,DB,25,20,-0.88,-0.47
BUF,LB,15,13,0.14,0.14
BUF,Sacks,13,13,0.29,0.29
BUF,Sacks GU,26,25,-0.69,-0.69
CAR,OL,23,30,-0.53,-1.56
CAR,DL,22,23,-0.53,-0.79
CAR,Run O,11,12,0.63,0.2
CAR,Run D,28,28,-1.21,-1.25
CAR,WR,6,10,1.33,0.17
CAR,TE,16,17,0.12,0.12
CAR,DB,8,16,0.53,-0.12
CAR,LB,5,5,1.12,1.12
CAR,Sacks,20,20,-0.41,-0.49
CAR,Sacks GU,18,19,0.08,-0.24
CHI,OL,3,5,1.51,1.27
CHI,DL,32,32,-1.92,-1.92
CHI,Run O,9,11,0.75,0.47
CHI,Run D,32,30,-1.66,-1.72
CHI,WR,8,5,1.06,1.06
CHI,TE,29,28,-1.06,-1.06
CHI,DB,24,26,-0.7,-1.03
CHI,LB,29,29,-1.42,-1.42
CHI,Sacks,2,2,2.0,2.0
CHI,Sacks GU,14,16,0.29,0.12
CIN,OL,12,12,0.21,0.21
CIN,DL,9,7,0.68,0.72
CIN,Run O,18,18,-0.36,-0.54
CIN,Run D,13,10,0.44,0.34
CIN,WR,4,9,1.45,0.29
CIN,TE,18,19,-0.25,-0.25
CIN,DB,20,24,-0.4,-0.8
CIN,LB,17,14,-0.11,-0.11
CIN,Sacks,5,4,1.04,1.04
CIN,Sacks GU,11,14,0.51,0.51
CLE,OL,14,19,0.06,-0.43
CLE,DL,17,19,-0.07,-0.29
CLE,Run O,31,29,-1.26,-1.26
CLE,Run D,29,29,-1.3,-1.37
CLE,WR,19,14,-0.34,-0.34
CLE,TE,8,7,0.75,0.75
CLE,DB,17,15,0.04,0.04
CLE,LB,20,18,-0.25,-0.25
CLE,Sacks,7,6,0.93,0.88
CLE,Sacks GU,24,26,-0.64,-0.99
DAL,OL,11,10,0.48,0.48
DAL,DL,16,15,0.14,0.06
DAL,Run O,15,15,0.07,0.07
DAL,Run D,22,23,-0.47,-0.84
DAL,WR,7,4,1.26,1.26
DAL,TE,27,26,-0.97,-0.97
DAL,DB,31,30,-1.63,-1.38
DAL,LB,21,17,-0.33,-0.15
DAL,Sacks,27,27,-1.11,-1.12
DAL,Sacks GU,8,7,0.78,0.78
DEN,OL,13,13,0.14,0.14
DEN,DL,15,14,0.25,0.08
DEN,Run O,17,16,-0.33,-0.25
DEN,Run D,30,31,-1.4,-1.86
DEN,WR,26,29,-0.91,-1.48
DEN,TE,22,22,-0.66,-0.66
DEN,DB,10,7,0.41,0.56
DEN,LB,18,15,-0.13,-0.13
DEN,Sacks,23,21,-0.64,-0.63
DEN,Sacks GU,4,3,1.06,1.06
DET,OL,2,1,1.57,1.95
DET,DL,2,2,1.51,1.51
DET,Run O,4,4,1.29,1.27
DET,Run D,20,21,-0.39,-0.67
DET,WR,14,12,-0.01,-0.01
DET,TE,6,5,0.96,0.96
DET,DB,28,22,-1.18,-0.56
DET,LB,7,7,0.81,0.81
DET,Sacks,4,3,1.08,1.08
DET,Sacks GU,16,13,0.26,0.51
GB,OL,32,32,-2.7,-2.38
GB,DL,24,22,-0.77,-0.76
GB,Run O,32,32,-2.12,-2.11
GB,Run D,18,15,-0.22,-0.19
GB,WR,20,17,-0.42,-0.42
GB,TE,19,20,-0.26,-0.26
GB,DB,6,6,0.81,0.86
GB,LB,11,19,0.49,-0.36
GB,Sacks,8,8,0.8,0.81
GB,Sacks GU,12,12,0.38,0.52
HOU,OL,31,31,-1.96,-1.96
HOU,DL,3,3,1.4,1.21
HOU,Run O,25,22,-0.87,-0.87
HOU,Run D,8,8,0.75,0.57
HOU,WR,13,11,0.16,0.16
HOU,TE,7,6,0.85,0.85
HOU,DB,22,23,-0.57,-0.58
HOU,LB,32,32,-2.12,-2.37
HOU,Sacks,6,5,0.94,0.89
HOU,Sacks GU,19,18,-0.07,-0.07
IND,OL,10,9,0.6,0.6
IND,DL,27,26,-1.1,-1.17
IND,Run O,8,7,0.95,0.86
IND,Run D,26,24,-1.06,-0.85
IND,WR,16,20,-0.16,-0.63
IND,TE,21,21,-0.31,-0.31
IND,DB,26,25,-0.89,-0.89
IND,LB,26,25,-0.88,-0.88
IND,Sacks,18,18,-0.02,-0.18
IND,Sacks GU,13,15,0.32,0.32
JAX,OL,30,27,-1.13,-1.13
JAX,DL,20,20,-0.3,-0.3
JAX,Run O,10,9,0.74,0.74
JAX,Run D,9,12,0.75,0.3
JAX,WR,3,2,1.52,1.52
JAX,TE,14,14,0.28,0.28
JAX,DB,19,19,-0.37,-0.39
JAX,LB,1,1,2.02,2.02
JAX,Sacks,17,17,-0.02,-0.02
JAX,Sacks GU,20,20,-0.42,-0.42
KC,OL,7,8,0.95,0.95
KC,DL,11,9,0.57,0.57
KC,Run O,1,1,2.02,2.01
KC,Run D,6,4,0.87,0.87
KC,WR,17,27,-0.22,-1.45
KC,TE,3,3,1.44,1.44
KC,DB,15,12,0.25,0.25
KC,LB,4,4,1.39,1.39
KC,Sacks,32,32,-1.7,-1.7
KC,Sacks GU,5,4,1.03,1.03
LAC,OL,20,26,-0.33,-1.11
LAC,DL,10,12,0.58,0.33
LAC,Run O,24,30,-0.71,-1.28
LAC,Run D,11,14,0.47,-0.12
LAC,WR,28,25,-1.15,-1.4
LAC,TE,24,25,-0.76,-0.92
LAC,DB,11,8,0.38,0.46
LAC,LB,14,12,0.3,0.3
LAC,Sacks,12,12,0.39,0.36
LAC,Sacks GU,28,29,-1.23,-1.45
LAR,OL,5,4,1.31,1.31
LAR,DL,7,8,0.76,0.66
LAR,Run O,6,6,1.17,1.0
LAR,Run D,5,9,0.88,0.45
LAR,WR,21,19,-0.46,-0.54
LAR,TE,15,16,0.25,0.18
LAR,DB,1,1,2.55,2.41
LAR,LB,13,11,0.47,0.47
LAR,Sacks,22,22,-0.6,-0.68
LAR,Sacks GU,10,8,0.74,0.74
LV,OL,27,24,-0.76,-0.72
LV,DL,12,10,0.5,0.5
LV,Run O,26,20,-0.94,-0.69
LV,Run D,15,13,0.12,0.12
LV,WR,23,18,-0.55,-0.46
LV,TE,2,1,1.62,1.62
LV,DB,21,21,-0.55,-0.55
LV,LB,25,23,-0.62,-0.62
LV,Sacks,9,9,0.69,0.69
LV,Sacks GU,2,5,1.15,1.0
MIA,OL,26,23,-0.7,-0.7
MIA,DL,28,28,-1.26,-1.37
MIA,Run O,21,21,-0.62,-0.77
MIA,Run D,19,19,-0.31,-0.56
MIA,WR,27,26,-0.96,-1.44
MIA,TE,23,23,-0.75,-0.75
MIA,DB,27,27,-0.89,-1.04
MIA,LB,9,8,0.77,0.79
MIA,Sacks,26,26,-0.96,-0.94
MIA,Sacks GU,23,23,-0.59,-0.59
MIN,OL,9,11,0.65,0.44
MIN,DL,6,6,0.77,0.77
MIN,Run O,29,28,-1.03,-1.2
MIN,Run D,4,3,1.37,1.37
MIN,WR,32,32,-1.65,-2.72
MIN,TE,1,2,2.07,1.44
MIN,DB,14,11,0.32,0.31
MIN,LB,3,3,1.41,1.41
MIN,Sacks,1,1,2.48,2.48
MIN,Sacks GU,31,31,-1.84,-2.0
NE,OL,28,22,-0.85,-0.69
NE,DL,21,25,-0.31,-0.9
NE,Run O,14,14,0.2,0.09
NE,Run D,25,26,-0.9,-1.16
NE,WR,18,23,-0.23,-1.0
NE,TE,13,12,0.3,0.3
NE,DB,4,5,1.11,0.87
NE,LB,22,20,-0.47,-0.47
NE,Sacks,21,25,-0.51,-0.84
NE,Sacks GU,21,21,-0.47,-0.42
NO,OL,22,25,-0.52,-0.75
NO,DL,29,31,-1.31,-1.82
NO,Run O,30,31,-1.21,-1.3
NO,Run D,31,32,-1.57,-2.15
NO,WR,10,7,0.44,0.44
NO,TE,5,13,1.05,0.29
NO,DB,32,31,-1.73,-1.73
NO,LB,16,30,-0.03,-1.52
NO,Sacks,16,16,0.1,0.04
NO,Sacks GU,17,17,0.16,0.02
NYG,OL,25,21,-0.63,-0.63
NYG,DL,26,27,-0.94,-1.28
NYG,Run O,28,27,-1.03,-1.16
NYG,Run D,23,20,-0.49,-0.66
NYG,WR,22,16,-0.5,-0.42
NYG,TE,11,10,0.55,0.55
NYG,DB,5,4,1.09,1.0
NYG,LB,2,2,1.48,1.48
NYG,Sacks,31,31,-1.58,-1.67
NYG,Sacks GU,29,28,-1.3,-1.3
NYJ,OL,16,28,-0.07,-1.16
NYJ,DL,30,30,-1.42,-1.71
NYJ,Run O,20,24,-0.53,-0.97
NYJ,Run D,17,16,-0.09,-0.2
NYJ,WR,12,15,0.3,-0.35
NYJ,TE,20,15,-0.27,0.18
NYJ,DB,3,3,1.42,1.09
NYJ,LB,27,26,-1.33,-1.34
NYJ,Sacks,15,15,0.17,0.12
NYJ,Sacks GU,30,30,-1.67,-1.93
PHI,OL,19,20,-0.24,-0.46
PHI,DL,23,21,-0.65,-0.74
PHI,Run O,16,25,-0.32,-1.03
PHI,Run D,24,27,-0.72,-1.17
PHI,WR,11,31,0.34,-1.85
PHI,TE,26,29,-0.86,-1.48
PHI,DB,13,14,0.33,0.08
PHI,LB,12,24,0.48,-0.77
PHI,Sacks,30,30,-1.44,-1.5
PHI,Sacks GU,27,27,-1.03,-1.03
PIT,OL,6,7,0.96,0.96
PIT,DL,8,11,0.76,0.44
PIT,Run O,12,8,0.62,0.82
PIT,Run D,14,17,0.17,-0.51
PIT,WR,30,28,-1.46,-1.46
PIT,TE,17,18,0.08,0.08
PIT,DB,23,29,-0.65,-1.36
PIT,LB,24,22,-0.51,-0.51
PIT,Sacks,3,7,1.11,0.88
PIT,Sacks GU,22,22,-0.5,-0.5
SEA,OL,18,14,-0.14,0.09
SEA,DL,4,5,1.21,0.82
SEA,Run O,27,23,-1.0,-0.9
SEA,Run D,3,2,1.8,1.68
SEA,WR,1,1,1.77,1.77
SEA,TE,31,31,-1.75,-1.75
SEA,DB,2,2,1.98,1.98
SEA,LB,10,10,0.61,0.61
SEA,Sacks,10,10,0.53,0.41
SEA,Sacks GU,9,6,0.77,0.97
SF,OL,1,2,1.71,1.71
SF,DL,31,29,-1.47,-1.6
SF,Run O,5,5,1.19,1.12
SF,Run D,16,22,0.03,-0.83
SF,WR,5,6,1.38,0.93
SF,TE,4,4,1.24,1.24
SF,DB,9,17,0.42,-0.17
SF,LB,8,9,0.78,0.78
SF,Sacks,29,29,-1.28,-1.35
SF,Sacks GU,1,1,2.47,2.47
TB,OL,15,15,0.01,0.01
TB,DL,14,13,0.26,0.26
TB,Run O,22,19,-0.64,-0.66
TB,Run D,1,5,1.94,0.73
TB,WR,29,24,-1.34,-1.34
TB,TE,28,27,-1.01,-1.01
TB,DB,7,18,0.78,-0.28
TB,LB,30,31,-1.47,-1.92
TB,Sacks,25,23,-0.71,-0.71
TB,Sacks GU,32,32,-2.06,-2.06
TEN,OL,17,18,-0.11,-0.43
TEN,DL,19,18,-0.25,-0.25
TEN,Run O,19,17,-0.43,-0.43
TEN,Run D,10,7,0.61,0.61
TEN,WR,25,21,-0.8,-0.8
TEN,TE,30,30,-1.61,-1.61
TEN,DB,29,28,-1.21,-1.21
TEN,LB,23,21,-0.49,-0.49
TEN,Sacks,14,14,0.19,0.19
TEN,Sacks GU,7,10,0.87,0.65
WSH,OL,29,29,-0.92,-1.42
WSH,DL,25,24,-0.82,-0.88
WSH,Run O,23,26,-0.7,-1.16
WSH,Run D,21,18,-0.45,-0.51
WSH,WR,24,22,-0.77,-0.83
WSH,TE,32,32,-2.11,-2.11
WSH,DB,16,9,0.23,0.42
WSH,LB,31,27,-1.52,-1.36
WSH,Sacks,19,19,-0.39,-0.42
WSH,Sacks GU,6,9,0.91,0.69
