team,games,OL raw z,OL raw rank,OL adj z,OL adj rank,DL raw z,DL raw rank,DL adj z,DL adj rank,Run O raw z,Run O raw rank,Run O adj z,Run O adj rank,Run D raw z,Run D raw rank,Run D adj z,Run D adj rank,WR raw z,WR raw rank,WR adj z,WR adj rank,TE raw z,TE raw rank,TE adj z,TE adj rank,DB raw z,DB raw rank,DB adj z,DB adj rank,LB raw z,LB raw rank,LB adj z,LB adj rank,Sacks raw z,Sacks raw rank,Sacks adj z,Sacks adj rank,Sacks GU raw z,Sacks GU raw rank,Sacks GU adj z,Sacks GU adj rank,[sub] OL pass-block adj z,[sub] OL pass-block adj rank,[sub] DL pass-rush adj z,[sub] DL pass-rush adj rank,[sub] OL run-block adj z,[sub] OL run-block adj rank,[sub] DL+LB run D adj z,[sub] DL+LB run D adj rank,[sub] LB coverage adj z,[sub] LB coverage adj rank,pff ol_pass_block raw,pff ol_pass_block adj,pff ol_run_block raw,pff ol_run_block adj,pff team_run_block raw,pff team_run_block adj,pff dl_pass_rush raw,pff dl_pass_rush adj,pff dl_run_def raw,pff dl_run_def adj,pff rusher_run raw,pff rusher_run adj,pff team_run_def raw,pff team_run_def adj,pff wr_route raw,pff wr_route adj,pff te_route raw,pff te_route adj,pff db_cov raw,pff db_cov adj,pff lb_run_def raw,pff lb_run_def adj,pff lb_cov raw,pff lb_cov adj,pff lb_tackle raw,pff lb_tackle adj,rate rush_epa,rate rush_sr,rate rush_epa_allowed,rate rush_sr_allowed,rate aly,rate aly_allowed,rate sack_rate,rate sack_rate_allowed,rate epa_db_allowed,rate wr_epa_tgt,rate te_epa_tgt,rate ol_press_rate_allowed,rate dl_press_rate,rate dl_win_rate,rate ybc_att,rate wr_yprr,rate te_yprr,rate db_yds_cov_snap,rate lb_missed_tkl_rate,rate lb_stop_rate,rush att,dropbacks,opp rush att,opp dropbacks
ARI,4,-0.39,21,-0.42,17,-0.23,18,-0.23,17,0.42,13,0.14,13,0.86,7,0.72,6,-1.51,31,-1.51,30,0.66,10,0.66,9,-1.41,30,-1.86,32,-1.36,28,-1.36,28,0.4,11,0.4,11,1.13,3,1.1,2,-0.14,17,-0.47,19,-0.34,19,0.59,10,-1.49,31,59.7,59.3,61.4,61.6,61.4,61.3,61.8,61.8,59.4,59.4,69.6,66.3,60.8,60.3,63.1,63.1,71.6,71.6,56.5,54.6,63.2,63.2,46.8,46.8,58.1,58.1,-0.0103,0.4561,-0.3059,0.3388,2.8587,2.8615,0.0662,0.0318,0.3186,-0.1136,0.238,0.2469,0.3659,0.0976,1.0674,1.0612,1.5745,1.1248,0.2,0.0556,101,162,111,123
ATL,4,0.93,8,1.09,6,2.48,1,2.48,1,1.43,3,1.5,2,1.9,2,1.83,1,-0.02,15,-0.02,13,-0.79,25,-0.79,24,0.04,18,0.1,13,-0.14,19,-0.14,16,-1.12,28,-1.13,28,-0.69,25,-0.67,24,1.57,2,2.48,1,0.23,11,1.03,6,1.31,5,68.4,68.6,61.6,62.7,59.9,60.4,73.1,73.0,59.5,59.5,82.6,82.6,65.1,64.8,68.2,68.2,57.8,57.8,58.9,59.2,58.4,58.4,70.9,70.9,53.1,53.1,0.0653,0.5286,-0.3562,0.2941,3.3711,2.392,0.0349,0.0747,0.0066,0.018,0.3107,0.1802,0.5508,0.1608,0.907,1.8404,0.781,0.9084,0.1429,0.0676,135,111,67,187
BAL,4,-0.59,24,-0.41,16,0.35,13,-0.09,16,1.1,7,0.66,10,0.45,12,0.31,11,1.54,2,1.5,3,0.47,12,0.47,11,0.36,12,0.36,10,0.92,6,0.92,6,-0.65,24,-0.79,24,0.28,15,0.6,11,-0.38,20,-0.76,23,-0.25,17,0.79,7,2.14,2,53.3,56.9,66.3,63.7,63.9,62.2,60.7,59.4,62.6,61.3,73.7,71.4,62.7,62.3,69.2,69.0,67.4,67.4,61.2,61.2,63.5,63.5,78.1,78.1,70.3,70.3,0.0528,0.4877,-0.0861,0.3707,2.9531,2.5031,0.0446,0.0518,0.0113,0.8508,0.4919,0.281,0.4091,0.0973,1.165,2.3267,1.3699,0.8792,0.1364,0.0674,122,121,102,154
BUF,4,1.46,4,1.46,3,1.12,5,1.12,4,1.51,2,1.49,3,-1.17,27,-1.11,25,0.9,9,0.43,8,0.72,9,0.72,8,-0.88,25,-0.47,20,0.14,15,0.14,13,0.29,13,0.29,13,-0.69,26,-0.69,25,-0.84,25,1.72,2,2.31,1,-0.24,17,-0.9,26,58.2,58.2,66.8,66.8,62.3,62.1,70.3,70.3,55.2,55.2,73.5,73.6,58.9,59.1,70.1,68.3,66.8,66.8,53.5,55.3,72.0,72.0,51.9,51.9,67.9,67.9,0.1438,0.5437,0.0619,0.4988,3.9004,2.9226,0.0639,0.0748,0.1159,0.4357,0.4489,0.3015,0.5783,0.1218,3.027,2.0217,1.8405,0.9263,0.1818,0.0725,105,136,113,166
CAR,4,-0.53,23,-1.56,30,-0.53,22,-0.79,23,0.63,11,0.2,12,-1.21,28,-1.25,28,1.33,6,0.17,10,0.12,16,0.12,17,0.53,8,-0.12,16,1.12,5,1.12,5,-0.41,20,-0.49,20,0.08,18,-0.24,19,-2.56,32,-0.33,17,-0.22,14,-0.96,27,1.2,6,58.0,54.4,64.4,60.3,62.6,59.8,63.0,62.2,57.0,56.2,74.0,73.8,56.2,56.1,73.6,69.1,66.6,66.6,62.3,59.6,59.0,59.0,70.0,70.0,78.1,78.1,-0.006,0.4413,0.0348,0.4317,3.117,3.413,0.0495,0.0567,0.143,0.574,0.1917,0.3898,0.4405,0.0909,1.7356,1.803,1.3767,0.7133,0.0435,0.0606,92,177,114,168
CHI,4,1.51,3,1.27,5,-1.92,32,-1.92,32,0.75,9,0.47,11,-1.66,32,-1.72,30,1.06,8,1.06,5,-1.06,29,-1.06,28,-0.7,24,-1.03,26,-1.42,29,-1.42,29,2.0,2,2.0,2,0.29,14,0.12,16,0.83,7,-1.2,26,1.14,4,-2.55,32,2.28,1,68.2,66.3,71.6,71.8,67.7,67.8,57.7,57.7,52.2,52.2,65.1,61.7,55.0,54.8,72.3,72.3,57.6,57.6,54.9,53.5,41.3,41.3,79.3,79.3,50.6,50.6,0.0041,0.4603,0.0584,0.4724,3.0381,3.6378,0.0989,0.0516,-0.1597,0.4457,-0.0197,0.2067,0.3793,0.0778,1.594,1.8774,0.8821,1.2205,0.1905,0.0547,154,150,83,116
CIN,4,0.21,12,0.21,12,0.68,9,0.72,7,-0.36,18,-0.54,18,0.44,13,0.34,10,1.45,4,0.29,9,-0.25,18,-0.25,19,-0.4,20,-0.8,24,-0.11,17,-0.11,14,1.04,5,1.04,4,0.51,11,0.51,14,1.13,4,0.9,7,-0.58,23,0.5,12,-0.3,19,67.1,67.1,59.8,59.8,60.1,58.9,67.7,67.7,57.3,57.5,67.6,67.6,61.8,61.5,76.3,71.9,58.7,58.7,52.2,50.5,66.9,66.9,57.1,57.1,48.7,48.7,-0.091,0.3786,-0.1333,0.3672,2.7896,2.8465,0.0793,0.0464,0.0111,0.3571,0.6589,0.2047,0.475,0.1139,1.0704,1.8404,0.9612,0.7359,0.2,0.0904,81,171,83,160
CLE,4,0.06,14,-0.43,19,-0.07,17,-0.29,19,-1.26,31,-1.26,29,-1.3,29,-1.37,29,-0.34,19,-0.34,14,0.75,8,0.75,7,0.04,17,0.04,15,-0.25,20,-0.25,18,0.93,7,0.88,6,-0.64,24,-0.99,26,0.21,13,-0.09,15,-0.6,24,-0.69,25,-0.14,14,70.1,66.1,61.7,62.3,58.7,58.7,61.0,60.6,58.1,57.2,57.2,57.2,55.9,55.7,67.5,67.5,70.6,70.6,58.8,58.8,59.2,59.2,58.4,58.4,63.6,63.6,-0.1384,0.3333,0.0334,0.4403,2.6872,3.1556,0.0769,0.0735,-0.0211,0.1491,0.6654,0.2429,0.4591,0.1139,0.7164,1.3829,1.2026,0.9331,0.125,0.0619,96,140,96,159
DAL,4,0.48,11,0.48,10,0.14,16,0.06,15,0.07,15,0.07,15,-0.47,22,-0.84,23,1.26,7,1.26,4,-0.97,27,-0.97,26,-1.63,31,-1.38,30,-0.33,21,-0.15,17,-1.11,27,-1.12,27,0.78,8,0.78,7,0.58,10,0.11,12,0.39,10,-0.36,20,-0.69,24,62.8,62.8,70.3,70.3,62.8,62.8,63.2,63.1,59.2,58.8,61.8,61.8,60.5,59.4,73.3,73.3,56.2,56.2,52.6,53.6,63.1,62.3,51.7,53.7,46.5,48.5,-0.0204,0.4373,-0.0084,0.4459,2.7469,3.0557,0.0352,0.0401,0.4242,0.5201,0.1963,0.2156,0.4154,0.1155,1.0769,1.8525,0.8519,0.8931,0.1071,0.0751,94,167,123,130
DEN,4,0.14,13,0.14,13,0.25,15,0.08,14,-0.33,17,-0.25,16,-1.4,30,-1.86,31,-0.91,26,-1.48,29,-0.66,22,-0.66,22,0.41,10,0.56,7,-0.13,18,-0.13,15,-0.64,23,-0.63,21,1.06,4,1.06,3,-0.47,21,0.95,6,0.76,8,-0.34,19,-0.5,21,57.8,57.8,72.0,72.0,65.1,65.9,69.1,69.3,54.0,52.9,56.1,55.7,57.2,55.8,65.0,62.8,62.4,62.4,61.7,62.4,70.8,70.8,55.3,55.3,54.3,54.3,-0.0221,0.3738,0.1562,0.4394,2.8647,3.048,0.0448,0.0334,0.0789,0.0942,0.1176,0.2657,0.4452,0.1113,1.2361,1.1846,0.7838,0.8072,0.1935,0.0783,86,143,115,155
DET,4,1.57,2,1.95,1,1.51,2,1.51,2,1.29,4,1.27,4,-0.39,20,-0.67,21,-0.01,14,-0.01,12,0.96,6,0.96,5,-1.18,28,-0.56,22,0.81,7,0.81,7,1.08,4,1.08,3,0.26,16,0.51,13,1.01,5,1.63,3,1.61,3,-0.02,13,0.01,12,68.5,71.3,74.4,74.3,66.9,66.7,72.0,72.0,60.0,60.0,78.0,78.0,61.8,61.0,66.8,66.8,76.8,76.8,54.7,57.4,60.0,60.0,59.7,59.7,75.6,75.6,-0.0086,0.4798,0.0579,0.4381,3.3348,2.7779,0.08,0.0522,0.2548,0.3691,0.3619,0.2759,0.4444,0.1367,1.5843,1.5668,1.3191,0.9868,0.0417,0.0628,96,174,103,189
GB,4,-2.7,32,-2.38,32,-0.77,24,-0.76,22,-2.12,32,-2.11,32,-0.22,18,-0.19,15,-0.42,20,-0.42,17,-0.26,19,-0.26,20,0.81,6,0.86,6,0.49,11,-0.36,19,0.8,8,0.81,8,0.38,12,0.52,12,-1.88,31,-1.24,27,-1.69,32,-0.09,16,-1.1,27,50.2,51.8,50.5,51.2,53.9,53.9,59.0,59.0,59.4,59.4,55.4,55.4,61.6,61.7,65.9,65.9,57.0,57.0,63.0,63.2,58.2,58.2,52.9,50.2,78.9,68.5,-0.3626,0.365,-0.0089,0.4301,2.3704,2.7435,0.0743,0.0495,0.0208,0.0996,0.3789,0.3519,0.3381,0.0745,1.1231,1.6148,1.5174,0.75,0.069,0.0656,70,162,128,139
HOU,4,-1.96,31,-1.96,31,1.4,3,1.21,3,-0.87,25,-0.87,22,0.75,8,0.57,8,0.16,13,0.16,11,0.85,7,0.85,6,-0.57,22,-0.58,23,-2.12,32,-2.37,32,0.94,6,0.89,5,-0.07,19,-0.07,18,-1.16,28,1.2,5,-1.64,31,-0.06,14,-0.6,22,58.8,58.8,56.5,56.5,56.4,56.4,71.1,70.6,62.8,62.2,68.5,68.5,65.8,65.2,68.6,68.6,71.4,71.4,59.5,59.4,57.1,56.0,54.5,54.5,55.1,52.7,-0.1111,0.3361,-0.0573,0.3961,2.3798,2.9276,0.0772,0.0601,0.182,0.3347,0.2937,0.3353,0.4906,0.1104,0.4667,1.5426,1.7865,1.0373,0.25,0.0455,90,167,98,159
IND,4,0.6,10,0.6,9,-1.1,27,-1.17,26,0.95,8,0.86,7,-1.06,26,-0.85,24,-0.16,16,-0.63,20,-0.31,21,-0.31,21,-0.89,26,-0.89,25,-0.88,26,-0.88,25,-0.02,18,-0.18,18,0.32,13,0.32,15,0.24,12,-0.62,21,0.64,9,-0.43,22,-1.11,28,65.7,65.7,70.4,70.4,66.0,65.4,66.1,64.6,50.0,51.0,68.8,68.8,57.3,58.0,68.9,67.1,66.0,66.0,53.8,53.8,68.7,68.7,50.1,50.1,66.7,66.7,0.0924,0.4487,0.0396,0.4355,2.8727,3.081,0.0576,0.051,0.1685,0.1358,0.0907,0.2708,0.3684,0.0753,1.2755,1.4,0.9669,0.8863,0.1481,0.0381,111,144,106,152
JAX,4,-1.13,30,-1.13,27,-0.3,20,-0.3,20,0.74,10,0.74,9,0.75,9,0.3,12,1.52,3,1.52,2,0.28,14,0.28,14,-0.37,19,-0.39,19,2.02,1,2.02,1,-0.02,17,-0.02,17,-0.42,20,-0.42,20,-1.54,30,-1.3,30,-0.25,16,1.7,1,1.37,3,54.1,54.1,61.6,61.6,59.4,59.4,58.6,58.6,62.1,62.1,78.2,78.2,63.2,61.8,74.0,74.0,66.4,66.4,57.4,57.3,71.8,71.8,71.4,71.4,60.3,60.3,0.0428,0.4497,-0.1116,0.3398,3.1848,2.3401,0.0576,0.0684,-0.0439,0.6096,0.2373,0.3274,0.3654,0.0672,0.7396,1.9195,1.5469,1.0744,0.0714,0.0952,108,113,88,156
KC,4,0.95,7,0.95,8,0.57,11,0.57,9,2.02,1,2.01,1,0.87,6,0.87,4,-0.22,17,-1.45,27,1.44,3,1.44,3,0.25,15,0.25,12,1.39,4,1.39,4,-1.7,32,-1.7,32,1.03,5,1.03,4,0.52,11,0.33,9,0.96,7,1.27,5,-0.2,15,59.1,59.1,66.5,66.5,63.3,63.2,66.4,66.4,57.4,57.4,84.1,84.1,64.6,64.6,65.1,60.4,76.8,76.8,59.1,59.1,70.6,70.6,57.9,57.9,73.4,73.4,0.2091,0.51,-0.0807,0.3451,3.3457,2.3136,0.0231,0.034,0.0343,0.3764,0.51,0.1901,0.3631,0.1156,1.7184,1.5702,1.7853,0.7855,0.1282,0.0913,114,142,103,157
LAC,4,-0.33,20,-1.11,26,0.58,10,0.33,12,-0.71,24,-1.28,30,0.47,11,-0.12,14,-1.15,28,-1.4,25,-0.76,24,-0.92,25,0.38,11,0.46,8,0.3,14,0.3,12,0.39,12,0.36,12,-1.23,28,-1.45,29,-1.46,29,0.15,11,-0.22,15,0.59,9,-2.02,32,55.3,52.9,66.2,62.8,62.4,58.6,65.7,65.3,62.7,61.6,62.4,62.4,64.8,63.0,62.1,61.1,61.8,60.6,63.5,63.8,70.4,70.4,42.2,42.2,66.9,66.9,-0.2387,0.398,-0.044,0.4134,3.116,2.8889,0.066,0.0876,0.0611,0.0586,-0.371,0.2897,0.4141,0.1012,1.2391,1.3914,1.4032,0.9418,0.1389,0.0826,113,145,120,128
LAR,4,1.31,5,1.31,4,0.76,7,0.66,8,1.17,6,1.0,6,0.88,5,0.45,9,-0.46,21,-0.54,19,0.25,15,0.18,16,2.55,1,2.41,1,0.47,13,0.47,11,-0.6,22,-0.68,22,0.74,10,0.74,8,-0.09,16,0.17,10,1.69,2,0.66,8,-0.23,16,62.4,62.4,69.8,69.8,66.0,64.9,63.9,63.2,63.9,64.1,75.5,75.4,65.7,64.3,64.7,64.4,69.0,68.5,72.7,72.2,65.0,65.0,57.6,57.6,64.4,64.4,0.0415,0.462,-0.092,0.3844,3.511,3.0157,0.0456,0.0409,-0.1072,0.1924,0.2437,0.2717,0.4672,0.1107,2.1413,1.6087,1.2453,0.6073,0.1111,0.0743,100,173,103,137
LV,4,-0.76,27,-0.72,24,0.5,12,0.5,10,-0.94,26,-0.69,20,0.12,15,0.12,13,-0.55,23,-0.46,18,1.62,2,1.62,1,-0.55,21,-0.55,21,-0.62,25,-0.62,23,0.69,9,0.69,9,1.15,2,1.0,5,-0.47,22,1.26,4,-0.45,21,-0.33,18,0.77,8,63.9,62.2,60.7,63.0,58.6,60.3,72.2,72.2,55.8,55.8,65.3,65.3,62.6,62.6,64.2,64.6,79.1,79.1,54.2,54.2,67.1,67.1,66.3,66.3,55.8,55.8,-0.1556,0.3411,-0.0759,0.4289,2.5819,3.2276,0.072,0.0312,0.044,0.3213,0.4403,0.2886,0.4521,0.1067,0.7453,1.3892,1.9078,0.8861,0.1875,0.0513,111,149,103,146
MIA,4,-0.7,26,-0.7,23,-1.26,28,-1.37,28,-0.62,21,-0.77,21,-0.31,19,-0.56,19,-0.96,27,-1.44,26,-0.75,23,-0.75,23,-0.89,27,-1.04,27,0.77,9,0.79,8,-0.96,26,-0.94,26,-0.59,23,-0.59,23,-0.98,27,-0.84,24,-0.16,12,-0.76,26,-0.26,18,57.4,57.4,61.6,61.6,58.6,58.3,61.6,61.8,54.2,53.4,61.8,60.4,62.0,61.2,62.9,61.1,59.1,59.1,53.6,53.0,67.0,66.9,57.4,57.4,77.1,77.5,-0.0167,0.3596,-0.0169,0.4676,2.7886,3.1908,0.0383,0.0725,0.2784,0.0104,0.1315,0.3071,0.3226,0.0814,1.493,1.5629,0.9561,0.7541,0.1053,0.0669,96,127,112,124
MIN,4,0.65,9,0.44,11,0.77,6,0.77,6,-1.03,29,-1.2,28,1.37,4,1.37,3,-1.65,32,-2.72,32,2.07,1,1.44,2,0.32,14,0.31,11,1.41,3,1.41,3,2.48,1,2.48,1,-1.84,31,-2.0,31,0.91,6,-0.24,16,-0.16,13,1.28,4,-1.18,29,69.5,67.7,59.6,59.9,56.5,55.7,61.2,61.2,66.2,66.2,63.0,62.3,66.4,66.4,60.7,56.5,83.2,78.7,58.0,58.0,61.8,61.8,49.4,49.4,56.2,56.2,-0.0845,0.3341,-0.1462,0.338,2.9162,2.6006,0.1087,0.1022,-0.1296,0.043,0.5281,0.2137,0.4771,0.0894,1.5,1.054,2.0248,0.8729,0.0385,0.1122,110,131,91,153
NE,4,-0.85,28,-0.69,22,-0.31,21,-0.9,25,0.2,14,0.09,14,-0.9,25,-1.16,26,-0.23,18,-1.0,23,0.3,13,0.3,12,1.11,4,0.87,5,-0.47,22,-0.47,20,-0.51,21,-0.84,25,-0.47,21,-0.42,21,-0.25,18,-0.03,14,-0.72,25,-1.45,29,0.32,10,64.4,64.8,61.7,62.4,60.6,59.8,67.7,64.6,53.0,52.6,65.8,65.8,57.9,57.1,65.9,62.9,69.7,69.7,63.6,62.6,55.4,55.4,62.4,62.4,64.4,64.4,0.0426,0.4268,0.0427,0.4193,2.5896,3.5505,0.0475,0.0695,-0.0487,0.2774,0.1835,0.3108,0.4245,0.1155,0.6354,1.5838,1.3308,0.7206,0.2222,0.0785,116,148,94,139
NO,4,-0.52,22,-0.75,25,-1.31,29,-1.82,31,-1.21,30,-1.3,31,-1.57,31,-2.15,32,0.44,10,0.44,7,1.05,5,0.29,13,-1.73,32,-1.73,31,-0.03,16,-1.52,30,0.1,16,0.04,16,0.16,17,0.02,17,-0.57,23,-0.35,18,-0.54,22,-2.48,31,0.27,11,63.9,62.3,60.9,60.9,58.2,57.3,65.2,64.6,49.3,46.9,54.4,55.0,57.2,55.4,71.4,71.4,76.8,71.4,49.7,49.7,64.4,59.5,65.4,62.0,64.7,51.8,-0.1234,0.3652,0.0792,0.5162,2.7391,3.3984,0.0599,0.0546,0.179,0.3162,0.3823,0.2995,0.3456,0.0921,1.0366,1.468,1.4131,1.0503,0.125,0.0521,98,197,113,136
NYG,4,-0.63,25,-0.63,21,-0.94,26,-1.28,27,-1.03,28,-1.16,27,-0.49,23,-0.66,20,-0.5,22,-0.42,16,0.55,11,0.55,10,1.09,5,1.0,4,1.48,2,1.48,2,-1.58,31,-1.67,31,-1.3,29,-1.3,28,-0.07,15,-0.88,25,-0.74,26,-0.51,23,-0.3,20,61.5,61.5,59.2,59.2,57.2,57.2,64.9,64.0,57.0,55.8,62.5,60.8,60.7,60.1,65.6,65.9,72.6,72.6,64.2,63.8,67.4,67.4,57.0,57.0,71.6,71.6,-0.15,0.3641,0.0047,0.449,2.8033,3.2249,0.0255,0.0892,-0.0883,0.2467,0.1224,0.2619,0.2238,0.095,0.8835,1.3533,1.4894,0.8054,0.0,0.0714,115,126,90,143
NYJ,4,-0.07,16,-1.16,28,-1.42,30,-1.71,30,-0.53,20,-0.97,24,-0.09,17,-0.2,16,0.3,12,-0.35,15,-0.27,20,0.18,15,1.42,3,1.09,3,-1.33,27,-1.34,26,0.17,15,0.12,15,-1.67,30,-1.93,30,-0.93,26,-1.48,32,-0.84,27,-1.51,30,-0.24,17,64.8,61.9,67.9,62.6,60.6,57.7,59.6,59.1,58.0,56.7,62.9,62.8,63.5,63.2,67.8,65.3,63.1,66.3,68.4,67.0,54.9,54.9,57.7,57.6,58.4,58.4,-0.1594,0.413,-0.0732,0.5043,2.6237,3.3393,0.0615,0.098,0.076,0.4742,0.1093,0.3162,0.3147,0.0669,1.2738,1.6356,1.2865,0.7012,0.2083,0.0583,96,136,111,143
PHI,4,-0.24,19,-0.46,20,-0.65,23,-0.74,21,-0.32,16,-1.03,25,-0.72,24,-1.17,27,0.34,11,-1.85,31,-0.86,26,-1.48,29,0.33,13,0.08,14,0.48,12,-0.77,24,-1.44,30,-1.5,30,-1.03,27,-1.03,27,-0.33,19,-1.27,29,-0.32,18,-0.57,24,-0.61,23,61.3,61.3,65.7,64.0,60.9,58.4,57.7,57.2,60.6,60.6,68.6,64.4,60.1,58.7,71.0,62.5,57.0,52.6,58.8,57.7,60.0,56.6,63.3,54.4,76.1,70.9,-0.0726,0.3591,0.0319,0.4608,2.8049,2.9084,0.0283,0.0828,0.0844,0.3132,0.1421,0.2826,0.351,0.0894,1.0759,1.4256,1.0,0.6727,0.1379,0.0699,101,138,118,151
PIT,4,0.96,6,0.96,7,0.76,8,0.44,11,0.62,12,0.82,8,0.17,14,-0.51,17,-1.46,30,-1.46,28,0.08,17,0.08,18,-0.65,23,-1.36,29,-0.51,24,-0.51,22,1.11,3,0.88,7,-0.5,22,-0.5,22,0.17,14,-0.01,13,1.12,5,0.51,11,-0.9,25,66.2,66.2,72.5,72.5,68.0,68.0,69.0,67.0,63.0,63.2,71.9,74.2,65.6,63.5,60.1,60.1,66.6,66.6,56.3,53.3,69.7,69.7,51.9,51.9,50.3,50.3,-0.035,0.3967,0.0321,0.4624,3.0721,2.8832,0.0806,0.0704,0.0709,0.0965,0.2244,0.2824,0.3846,0.0986,1.4342,1.2735,1.268,1.0212,0.1333,0.0609,81,170,100,130
SEA,4,-0.14,18,0.09,14,1.21,4,0.82,5,-1.0,27,-0.9,23,1.8,3,1.68,2,1.77,1,1.77,1,-1.75,31,-1.75,31,1.98,2,1.98,2,0.61,10,0.61,10,0.53,10,0.41,10,0.77,9,0.97,6,0.65,9,0.48,8,-0.39,20,1.4,3,0.4,9,66.0,68.2,67.8,67.1,64.2,63.8,66.5,65.5,59.5,58.3,57.9,60.0,66.5,66.1,74.3,74.3,54.2,54.2,66.3,66.3,65.1,65.1,63.1,63.1,74.9,74.9,-0.2386,0.3524,-0.2124,0.2853,2.5456,2.2,0.0688,0.0402,-0.1231,0.462,-0.4198,0.2756,0.4899,0.1098,0.7282,2.3672,0.8026,0.5338,0.087,0.0558,110,127,110,149
SF,4,1.71,1,1.71,2,-1.47,31,-1.6,29,1.19,5,1.12,5,0.03,16,-0.83,22,1.38,5,0.93,6,1.24,4,1.24,4,0.42,9,-0.17,17,0.78,8,0.78,9,-1.28,29,-1.35,29,2.47,1,2.47,1,1.43,3,-0.73,22,0.99,6,-1.15,28,1.05,7,72.1,72.1,67.3,67.3,63.1,62.6,61.9,61.2,49.2,49.1,69.4,69.4,65.4,62.8,71.5,69.8,73.0,73.0,61.5,58.9,70.5,70.5,68.6,68.6,57.1,57.1,0.091,0.5309,-0.0027,0.5059,3.363,3.2681,0.0316,0.0,0.0577,0.6916,0.4392,0.2213,0.3312,0.0993,1.6118,2.0144,1.9774,0.8107,0.069,0.0611,110,122,106,154
TB,4,0.01,15,0.01,15,0.26,14,0.26,13,-0.64,22,-0.66,19,1.94,1,0.73,5,-1.34,29,-1.34,24,-1.01,28,-1.01,27,0.78,7,-0.28,18,-1.47,30,-1.92,31,-0.71,25,-0.71,23,-2.06,32,-2.06,32,1.81,1,-1.27,28,-1.63,30,1.45,2,-1.2,30,73.8,73.8,48.3,48.3,49.4,49.4,59.2,59.2,66.5,66.5,68.9,68.7,68.5,64.8,63.4,63.4,54.6,54.6,65.9,61.4,61.0,57.8,52.8,49.3,47.1,48.4,-0.0067,0.4222,-0.219,0.3279,2.9297,2.0901,0.0434,0.1072,0.0912,-0.0577,0.1023,0.2025,0.2868,0.0852,0.9722,1.1284,1.0903,0.8526,0.1667,0.0521,96,158,92,136
TEN,4,-0.11,17,-0.43,18,-0.25,19,-0.25,18,-0.43,19,-0.43,17,0.61,10,0.61,7,-0.8,25,-0.8,21,-1.61,30,-1.61,30,-1.21,29,-1.21,28,-0.49,23,-0.49,21,0.19,14,0.19,14,0.87,7,0.65,10,0.78,8,-0.61,20,-1.21,28,-0.07,15,-0.09,13,69.7,67.2,52.0,52.3,53.2,53.2,60.4,60.4,60.0,60.0,68.1,68.1,65.7,65.7,64.0,64.0,59.2,59.2,52.6,52.6,57.6,57.6,58.9,58.9,66.1,66.1,0.0034,0.4118,-0.0461,0.4158,2.7664,2.8402,0.0618,0.0379,0.245,0.0733,-0.5718,0.2148,0.3937,0.0925,1.1974,1.4871,0.7328,0.893,0.1212,0.0523,90,135,128,127
WSH,4,-0.92,29,-1.42,29,-0.82,25,-0.88,24,-0.7,23,-1.16,26,-0.45,21,-0.51,18,-0.77,24,-0.83,22,-2.11,32,-2.11,32,0.23,16,0.42,9,-1.52,31,-1.36,27,-0.39,19,-0.42,19,0.91,6,0.69,9,-0.58,24,-1.33,31,-1.32,29,-0.39,21,1.34,4,60.5,58.1,56.8,55.6,56.0,54.8,58.1,57.7,58.4,58.3,65.1,61.6,60.5,60.3,63.7,63.4,50.0,50.0,60.5,61.3,53.7,53.9,68.0,71.1,54.9,53.6,-0.0772,0.3855,-0.0011,0.4371,2.7718,2.7162,0.05,0.037,0.0655,0.166,-0.1942,0.2564,0.375,0.0721,0.75,1.4429,0.3939,0.8412,0.28,0.0625,116,156,90,152
