season,week,game_id,espn_event_id,team,opp,home_away,f7_starters_expected_missing,dl_starters_expected_missing,edge_starters_expected_missing,lb_starters_expected_missing,ol_starters_expected_missing,f7_starters_missing_actual,ol_starters_missing_actual,f7_rotational_missing,ol_rotational_missing,f7_exits,ol_exits,F7HI,OLHI,f7_cluster,ol_cluster,box_shift_flag,live_injury_pts,proposed_injury_pts,proposed_minus_live,rush_att,rush_yds,ypc,rush_epa,rush_success,rush_explosive,rush_att_allowed,rush_yds_allowed,ypc_allowed,rush_epa_allowed,rush_success_allowed,rush_explosive_allowed,ybc,pass_epa,pass_epa_allowed,sack_rate,sack_rate_forced,pressure_rate,bs_line_lock_home,bs_line_source,model_line_home,street_open_home,street_close_home,tickets,team_score,opp_score,margin,ats_vs_bs,ats_vs_close,clv_vs_bs,notes
2026,1,2026_01_ARI_LAC,401872926,ARI,LAC,away,0,0,0,0,1,1,2,0,0,0,0,0,0.8,0,0,,2.32,2.27,-0.05,30,108,3.6,-0.044,0.4,0.067,16,52,3.25,-0.36,0.375,0.062,,0.289,-0.191,0.026,0.086,,,,,-11.5,-9.5,w1-km-lac-ml,26,14,12,,21.5,,
2026,1,2026_01_ATL_PIT,401872658,ATL,PIT,away,0,0,0,0,0,1,0,1,0,0,0,0.175,0,0,0,,2.47,1.375,-1.095,31,120,3.87,-0.082,0.452,0.097,18,61,3.39,-0.252,0.278,0.056,,-0.606,-0.324,0.154,0.047,,,,,-2.5,-6.5,w1-pit-minus3,13,20,-7,,-0.5,,
2026,1,2026_01_BAL_IND,401872659,BAL,IND,away,0,0,0,0,0,0,1,0,0,0,0,0,0,0,0,,1.47,0.87,-0.6,31,167,5.39,0.192,0.452,0.129,19,98,5.16,0.116,0.474,0.263,,0.459,-0.441,0.069,0.059,,,,,3.5,3,w1-ind-plus3,41,23,18,,15,,
2026,1,2026_01_BUF_HOU,401872660,BUF,HOU,away,0,0,0,0,0,0,0,1,0,0,0,0.054,0,0,0,,1.01,0.594,-0.416,19,66,3.47,-0.263,0.316,0.105,31,109,3.52,0.03,0.419,0.097,,0.558,0.097,0.062,0.071,,,,,1.5,1.5,w1-hou-pk,36,31,5,,3.5,,
2026,1,2026_01_CHI_CAR,401872661,CAR,CHI,home,1,0,0,1,1,1,1,0,1,0,0,0.7,1.25,0,0,,2.1,2.35,0.25,19,91,4.79,-0.113,0.474,0.105,32,232,7.25,0.257,0.438,0.125,,0.312,0.538,0.047,0.053,,,,,2.5,3,,37,59,-22,,-19,,
2026,1,2026_01_CHI_CAR,401872661,CHI,CAR,away,0,0,0,0,0,0,0,0,1,0,0,0,0.048,0,0,,3.08,1.858,-1.222,32,232,7.25,0.257,0.438,0.125,19,91,4.79,-0.113,0.474,0.105,,0.538,0.312,0.053,0.047,,,,,2.5,3,,59,37,22,,19,,
2026,1,2026_01_TB_CIN,401872925,CIN,TB,home,0,0,0,0,0,0,0,1,0,0,0,0.175,0,0,0,,0.55,0.375,-0.175,25,101,4.04,0.05,0.4,0.16,15,59,3.93,0.072,0.4,0.067,,-0.036,-0.292,0.027,0.111,,,,,-3.5,-3.5,w1-tb-cin-u505,33,27,6,,2.5,,
2026,1,2026_01_CLE_JAX,401872922,CLE,JAX,away,1,0,1,0,1,1,2,0,0,0,0,0.525,0.8,0,0,,1.97,1.725,-0.245,19,67,3.53,-0.119,0.421,0.053,28,127,4.54,-0.012,0.536,0.179,,-0.225,0.793,0.167,0.042,,,,,-7,-8.5,,10,34,-24,,-15.5,,
2026,1,2026_01_DAL_NYG,401872930,DAL,NYG,away,0,0,0,0,1,0,1,0,0,1,0,0,0.8,0,0,,1.65,1.6,-0.05,16,55,3.44,0.01,0.438,0,32,160,5,0.061,0.5,0.125,,0.314,0.667,0,0.061,,,,,2.5,3,w1-km-dal-no-cover35,20,28,-8,,-11,,
2026,1,2026_01_DEN_KC,401872931,DEN,KC,away,0,0,0,0,0,1,1,0,0,0,0,0,0,0,0,,0.07,0.07,0,13,59,4.54,-0.092,0.308,0.077,31,197,6.35,0.311,0.419,0.129,,-0.443,0.026,0.121,0.061,,2.87,data/published/finals.json,2.87,-2.5,-2.5,w1-km-den-ml,10,31,-21,-23.87,-18.5,no move,
2026,1,2026_01_NO_DET,401872923,DET,NO,home,0,0,0,0,0,0,0,0,0,0,1,0,0,0,0,,1.67,0.87,-0.8,32,163,5.09,-0.015,0.5,0.219,23,87,3.78,-0.075,0.304,0.087,,0.012,0.001,0.024,0.081,,,,,-7,-7,,31,30,1,,-6,,
2026,1,2026_01_GB_MIN,401872927,GB,MIN,away,0,0,0,0,0.24,0,1,1,0,0,1,0.225,0.144,0,0,,2.23,1.569,-0.661,21,66,3.14,-0.429,0.333,0.095,28,100,3.57,-0.125,0.321,0.036,,-0.059,0.043,0.087,0.1,,,,,-1.5,-2.5,w1-km-min-ml,22,39,-17,,-14.5,,
2026,1,2026_01_BUF_HOU,401872660,HOU,BUF,home,0,0,0,0,0,0,1,1,0,0,0,0,0,0,0,,2.65,1.05,-1.6,31,109,3.52,0.03,0.419,0.097,19,66,3.47,-0.263,0.316,0.105,,0.097,0.558,0.071,0.062,,,,,1.5,1.5,w1-hou-pk,31,36,-5,,-3.5,,
2026,1,2026_01_BAL_IND,401872659,IND,BAL,home,0,0,0,0,0,0,0,0,0,0,0,0,0,0,0,,1.2,1,-0.2,19,98,5.16,0.116,0.474,0.263,31,167,5.39,0.192,0.452,0.129,,-0.441,0.459,0.059,0.069,,,,,3.5,3,w1-ind-plus3,23,41,-18,,-15,,
2026,1,2026_01_CLE_JAX,401872922,JAX,CLE,home,0,0,0,0,0,0,0,0,0,0,1,0,0,0,0,,1.47,0.27,-1.2,28,127,4.54,-0.012,0.536,0.179,19,67,3.53,-0.119,0.421,0.053,,0.793,-0.225,0.042,0.167,,,,,-7,-8.5,,34,10,24,,15.5,,
2026,1,2026_01_DEN_KC,401872931,KC,DEN,home,0,0,0,0,0,0,0,0,0,1,0,0,0,0,0,,1.31,0,-1.31,31,197,6.35,0.311,0.419,0.129,13,59,4.54,-0.092,0.308,0.077,,0.026,-0.443,0.061,0.121,,2.87,data/published/finals.json,2.87,-2.5,-2.5,w1-km-den-ml,31,10,21,23.87,18.5,no move,
2026,1,2026_01_ARI_LAC,401872926,LAC,ARI,home,0.24,0,0,0.24,0,0,0,0,1,0,0,0.126,0,0,0,,1.69,0.726,-0.964,16,52,3.25,-0.36,0.375,0.062,30,108,3.6,-0.044,0.4,0.067,,-0.191,0.289,0.086,0.026,,,,,-11.5,-9.5,w1-km-lac-ml,14,26,-12,,-21.5,,
2026,1,2026_01_SF_LA,401872657,LAR,SF,home,0,0,0,0,0,0,0,0,1,1,0,0,0.2,0,0,,1.6,0.6,-1,27,114,4.22,-0.171,0.481,0.074,28,148,5.29,0.142,0.536,0.143,,-0.352,0.208,0,0,,,data/published/finals.json,,-3.5,-3.5,w1-lar-minus35,7,27,-20,,-23.5,,
2026,1,2026_01_MIA_LV,401872928,LV,MIA,home,0,0,0,0,0,0,1,0,0,2,0,0,0,0,0,,2.2,1.6,-0.6,33,133,4.03,-0.083,0.424,0.121,13,35,2.69,-0.321,0.231,0.077,,0.007,-0.206,0,0.135,,,,,-3.5,-3,w1-lv-minus35;w1-km-lv-ml,27,13,14,,11,,
2026,1,2026_01_MIA_LV,401872928,MIA,LV,away,0,0,0,0,0,0,0,1,0,0,0,0.225,0,0,0,,1.4,0.825,-0.575,13,35,2.69,-0.321,0.231,0.077,33,133,4.03,-0.083,0.424,0.121,,-0.206,0.007,0.135,0,,,,,-3.5,-3,w1-lv-minus35;w1-km-lv-ml,13,27,-14,,-11,,
2026,1,2026_01_GB_MIN,401872927,MIN,GB,home,0,0,0,0,1,0,1,0,0,0,0,0,0.6,0,0,,1.65,1.2,-0.45,28,100,3.57,-0.125,0.321,0.036,21,66,3.14,-0.429,0.333,0.095,,0.043,-0.059,0.1,0.087,,,,,-1.5,-2.5,w1-km-min-ml,39,22,17,,14.5,,
2026,1,2026_01_NE_SEA,401872656,NE,SEA,away,0,0,0,0,0,0,0,0,0,0,0,0,0,0,0,,2.53,1.12,-1.41,25,65,2.6,-0.404,0.24,0.04,20,84,4.2,-0.151,0.3,0.1,,0.065,0.226,0.071,0.074,,-0.2,data/published/finals.json,-0.2,-3.5,-3.5,w1-ne-plus35;w1-jsn-atd;w1-stev-o35-rec;w1-pp-power-ne-sea;w1-km-stev-3rec;w1-km-stev-6rec;w1-km-holani-3rec;w1-km-stev-5rec;w1-km-stev-4rec;w1-km-stev-25yd;w1-km-stev-15yd;w1-km-combo-ne-sea,10,13,-3,-2.8,0.5,no move,
2026,1,2026_01_NO_DET,401872923,NO,DET,away,0,0,0,0,1,0,1,1,0,0,0,0.175,0.8,0,0,,3.37,3.095,-0.275,23,87,3.78,-0.075,0.304,0.087,32,163,5.09,-0.015,0.5,0.219,,0.001,0.012,0.081,0.024,,,,,-7,-7,,30,31,-1,,6,,
2026,1,2026_01_DAL_NYG,401872930,NYG,DAL,home,1,1,0,0,0,1,1,0,0,0,0,0.675,0,0,0,,1.52,1.945,0.425,32,160,5,0.061,0.5,0.125,16,55,3.44,0.01,0.438,0,,0.667,0.314,0.061,0,,,,,2.5,3,w1-km-dal-no-cover35,28,20,8,,11,,
2026,1,2026_01_NYJ_TEN,401872924,NYJ,TEN,away,0,0,0,0,0,0,0,1,0,1,0,0,0,0,0,,2.5,1.5,-1,34,145,4.26,0.029,0.5,0.088,10,47,4.7,-0.096,0.4,0.2,,0.35,-0.124,0,0.077,,,,,-1.5,-1.5,,23,10,13,,14.5,,
2026,1,2026_01_WAS_PHI,401872929,PHI,WSH,home,0,0,0,0,0,0,1,0,0,0,0,0,0,0,0,,1.4,1.2,-0.2,18,90,5,-0.103,0.278,0.056,29,103,3.55,-0.046,0.483,0.069,,0.166,0.168,0.091,0.026,,,,,-4.5,-6,w1-phi-minus45;w1-km-phi-ml,24,22,2,,-4,,
2026,1,2026_01_ATL_PIT,401872658,PIT,ATL,home,0,0,0,0,0,0,0,0,0,1,0,0,0,0,0,,1.29,0.89,-0.4,18,61,3.39,-0.252,0.278,0.056,31,120,3.87,-0.082,0.452,0.097,,-0.324,-0.606,0.047,0.154,,,,,-2.5,-6.5,w1-pit-minus3,20,13,7,,0.5,,
2026,1,2026_01_NE_SEA,401872656,SEA,NE,home,0,0,0,0,0,0,0,0,0,0,0,0,0,0,0,,2.35,2.35,0,20,84,4.2,-0.151,0.3,0.1,25,65,2.6,-0.404,0.24,0.04,,0.226,0.065,0.074,0.071,,-0.2,data/published/finals.json,-0.2,-3.5,-3.5,w1-ne-plus35;w1-jsn-atd;w1-stev-o35-rec;w1-pp-power-ne-sea;w1-km-stev-3rec;w1-km-stev-6rec;w1-km-holani-3rec;w1-km-stev-5rec;w1-km-stev-4rec;w1-km-stev-25yd;w1-km-stev-15yd;w1-km-combo-ne-sea,13,10,3,2.8,-0.5,no move,
2026,1,2026_01_SF_LA,401872657,SF,LAR,away,0,0,0,0,0,0,0,3,1,0,0,0.45,0.2,0,0,,3.07,1.65,-1.42,28,148,5.29,0.142,0.536,0.143,27,114,4.22,-0.171,0.481,0.074,,0.208,-0.352,0,0,,,data/published/finals.json,,-3.5,-3.5,w1-lar-minus35,27,7,20,,23.5,,
2026,1,2026_01_TB_CIN,401872925,TB,CIN,away,0,0,0,0,0,0,1,0,0,1,0,0,0,0,0,,1.52,0.9,-0.62,15,59,3.93,0.072,0.4,0.067,25,101,4.04,0.05,0.4,0.16,,-0.292,-0.036,0.111,0.027,,,,,-3.5,-3.5,w1-tb-cin-u505,27,33,-6,,-2.5,,
2026,1,2026_01_NYJ_TEN,401872924,TEN,NYJ,home,2,0,0,2,0,2,0,0,0,0,0,1.05,0,0,0,,1.95,1.7,-0.25,10,47,4.7,-0.096,0.4,0.2,34,145,4.26,0.029,0.5,0.088,,-0.124,0.35,0.077,0,,,,,-1.5,-1.5,,10,23,-13,,-14.5,,
2026,1,2026_01_WAS_PHI,401872929,WSH,PHI,away,0,0,0,0,0,0,0,1,0,0,0,0.225,0,0,0,,1.6,0.825,-0.775,29,103,3.55,-0.046,0.483,0.069,18,90,5,-0.103,0.278,0.056,,0.168,0.166,0.026,0.091,,,,,-4.5,-6,w1-phi-minus45;w1-km-phi-ml,22,24,-2,,4,,
2026,2,2026_02_SEA_ARI,401872943,ARI,SEA,home,0,0,0,0,0.24,0,2,0,0,1,0,0,0.192,0,0,,2.64,1.372,-1.268,16,63,3.94,-0.402,0.312,0.062,40,162,4.05,-0.178,0.425,0.1,,-0.286,0.596,0.065,0.037,,1.76,data/published/finals.json,1.76,10,3.5,,7,31,-24,-22.24,-20.5,toward,
2026,2,2026_02_CAR_ATL,401872933,ATL,CAR,home,0.27,0,0,0.27,0.12,0,0,2,0,0,0,0.189,0.096,0,0,,6,6,0,28,121,4.32,-0.184,0.357,0.071,20,66,3.3,-0.188,0.4,0.05,,-0.681,0.312,0.077,0.051,,2.89,data/published/finals.json,2.89,-1.5,2.5,,3,34,-31,-28.11,-28.5,toward,
2026,2,2026_02_NO_BAL,401872938,BAL,NO,home,0,0,0,0,0.24,0,1,0,0,0,0,0,0.24,0,0,,6,4.76,-1.24,18,74,4.11,0.149,0.778,0,24,54,2.25,-0.07,0.375,0,,0.1,0.26,0.081,0.077,,-5.73,data/published/finals.json,-5.73,-7.5,-8.5,,17,24,-7,-12.73,-15.5,away,
2026,2,2026_02_DET_BUF,401872932,BUF,DET,home,0,0,0,0,0,0,0,1,0,0,0,0,0,0,0,,0.82,0.54,-0.28,28,157,5.61,0.281,0.571,0.179,18,59,3.28,-0.211,0.333,0.111,,0.548,0.414,0.053,0.091,,-9.28,data/published/finals.json,-9.28,-3,-5.5,w2-tnf-bagels-buf-m55;w2-tnf-km-buf-m55;w2-tnf-km-buf-ml;w2-tnf-km-buf-13;w2-tnf-km-buf-20,41,31,10,0.72,4.5,toward,
2026,2,2026_02_CAR_ATL,401872933,CAR,ATL,away,0,0,0,0,1,0,1,3,1,0,0,0,1.25,0,0,,4.61,1.25,-3.36,20,66,3.3,-0.188,0.4,0.05,28,121,4.32,-0.184,0.357,0.071,,0.312,-0.681,0.051,0.077,,2.89,data/published/finals.json,2.89,-1.5,2.5,,34,3,31,28.11,28.5,toward,
2026,2,2026_02_MIN_CHI,401872937,CHI,MIN,home,0,0,0,0,0,0,0,0,0,1,0,0,0,0,0,,2.07,2.07,0,28,107,3.82,-0.271,0.321,0.143,27,115,4.26,-0.151,0.296,0.074,,-0.026,0.005,0.098,0.125,,-0.41,data/published/finals.json,-0.41,-3,-4.5,w2-sun-km-min-plus55,3,9,-6,-6.41,-10.5,away,
2026,2,2026_02_CIN_HOU,401872934,CIN,HOU,away,0,0,0,0,0,0,0,1,0,0,0,0,0,0,0,,2.44,1.37,-1.07,22,86,3.91,-0.217,0.364,0.091,15,31,2.07,-0.795,0.067,0.067,,-0.015,-0.113,0.139,0.066,,-5.14,data/published/finals.json,-5.14,-2.5,-3,w2-sun-km-hou-minus25;w2-sun-bagels-hou-minus25,20,6,14,19.14,17,toward,
2026,2,2026_02_CLE_TB,401872935,CLE,TB,away,0,0,0,0,1,0,2,1,0,0,0,0,0.6,0,0,,5.54,4.57,-0.97,18,32,1.78,-0.569,0.222,0,22,111,5.05,0.015,0.455,0.136,,0.307,-0.235,0.057,0.075,,-8.56,data/published/finals.json,-8.56,-6.5,-8.5,,23,19,4,12.56,12.5,toward,
2026,2,2026_02_WAS_DAL,401872944,DAL,WSH,home,0,0,0,0,0,0,1,0,0,0,0,0,0,0,0,,1,0.8,-0.2,18,43,2.39,-0.244,0.389,0,25,110,4.4,-0.083,0.48,0.04,,0.462,0.159,0.056,0,,-5.62,data/published/finals.json,-5.62,-4.5,-4.5,,37,20,17,11.38,12.5,no move,
2026,2,2026_02_JAX_DEN,401872940,DEN,JAX,home,0,0,0,0,0,0,0,1,1,0,0,0,0,0,0,,3.9,0.78,-3.12,25,107,4.28,-0.058,0.44,0.16,24,95,3.96,0.062,0.458,0.083,,0.272,-0.133,0,0.065,,12.52,data/published/finals.json,12.52,-3,-2.5,w2-sun-km-jax-plus35;w2-sun-bagels-jax-plus3,20,13,7,19.52,4.5,toward,
2026,2,2026_02_DET_BUF,401872932,DET,BUF,away,0,0,0,0,1,0,1,0,0,0,0,0,0.8,0,0,,6,6,0,18,59,3.28,-0.211,0.333,0.111,28,157,5.61,0.281,0.571,0.179,,0.414,0.548,0.091,0.053,,-9.28,data/published/finals.json,-9.28,-3,-5.5,w2-tnf-bagels-buf-m55;w2-tnf-km-buf-m55;w2-tnf-km-buf-ml;w2-tnf-km-buf-13;w2-tnf-km-buf-20,31,41,-10,-0.72,-4.5,toward,
2026,2,2026_02_GB_NYJ,401872936,GB,NYJ,away,0,0,0,0,0,0,0,2,0,0,0,0,0.048,0,0,,6,0.118,-5.882,18,63,3.5,-0.441,0.333,0.111,23,50,2.17,-0.507,0.217,0.087,,-0.099,0.086,0.094,0.083,,-8.72,data/published/finals.json,-8.72,5.5,3.5,w2-sun-km-nyj-plus35;w2-sun-bagels-nyj-plus3,20,17,3,11.72,-0.5,toward,
2026,2,2026_02_CIN_HOU,401872934,HOU,CIN,home,1,0,0,1,1,1,2,0,0,0,0,0.7,0.8,0,0,,6,5.22,-0.78,15,31,2.07,-0.795,0.067,0.067,22,86,3.91,-0.217,0.364,0.091,,-0.113,-0.015,0.066,0.139,,-5.14,data/published/finals.json,-5.14,-2.5,-3,w2-sun-km-hou-minus25;w2-sun-bagels-hou-minus25,6,20,-14,-19.14,-17,toward,
2026,2,2026_02_IND_KC,401872945,IND,KC,away,0,0,0,0,0,0,0,0,0,0,0,0,0,0,0,,2.3,2.3,0,30,112,3.73,0.187,0.467,0.133,27,135,5,0.146,0.593,0.111,,0.125,0.273,0,0.039,,-11.5,data/published/finals.json,-11.5,-6.5,-6,,30,33,-3,8.5,3,away,
2026,2,2026_02_JAX_DEN,401872940,JAX,DEN,away,0,0,0,0,0,0,1,0,0,0,0,0,0,0,0,,1.5,0,-1.5,24,95,3.96,0.062,0.458,0.083,25,107,4.28,-0.058,0.44,0.16,,-0.133,0.272,0.065,0,,12.52,data/published/finals.json,12.52,-3,-2.5,w2-sun-km-jax-plus35;w2-sun-bagels-jax-plus3,13,20,-7,-19.52,-4.5,toward,
2026,2,2026_02_IND_KC,401872945,KC,IND,home,0,0,0,0,0,0,0,0,0,0,0,0,0,0,0,,2,0.7,-1.3,27,135,5,0.146,0.593,0.111,30,112,3.73,0.187,0.467,0.133,,0.273,0.125,0.039,0,,-11.5,data/published/finals.json,-11.5,-6.5,-6,,33,30,3,-8.5,-3,away,
2026,2,2026_02_LV_LAC,401872941,LAC,LV,home,0,0,0,0,0,0,0,0,1,0,0,0,0.2,0,0,,3.21,1.99,-1.22,31,125,4.03,-0.496,0.323,0.097,25,56,2.24,-0.458,0.2,0,,-0.027,0.186,0.097,0.062,,1.21,data/published/finals.json,1.21,-9.5,-6.5,w2-sun-km-lv-plus65;w2-sun-bagels-lv-plus7,14,26,-12,-10.79,-18.5,toward,
2026,2,2026_02_NYG_LA,401872947,LAR,NYG,home,0,0,0,0,0,0,0,0,0,1,0,0,0,0,0,,1.5,1,-0.5,24,164,6.83,-0.067,0.542,0.25,21,52,2.48,-0.286,0.238,0,,0.558,-0.518,0.031,0.059,,-6.77,data/published/finals.json,-6.77,-9.5,-7,,28,6,22,15.23,15,toward,
2026,2,2026_02_LV_LAC,401872941,LV,LAC,away,0,0,0,0,0,0,1,0,0,1,0,0,0,0,0,,6,6,0,25,56,2.24,-0.458,0.2,0,31,125,4.03,-0.496,0.323,0.097,,0.186,-0.027,0.062,0.097,,1.21,data/published/finals.json,1.21,-9.5,-6.5,w2-sun-km-lv-plus65;w2-sun-bagels-lv-plus7,26,14,12,10.79,18.5,toward,
2026,2,2026_02_MIA_SF,401872942,MIA,SF,away,0,0,0,0,0,0,0,2,0,0,0,0,0,0,0,,1.27,0.07,-1.2,28,98,3.5,-0.16,0.464,0.036,22,67,3.05,-0.218,0.318,0,,0.158,1.058,0.143,0,,-18.35,data/published/finals.json,-18.35,-10.5,-12.5,,13,35,-22,-3.65,-9.5,toward,
2026,2,2026_02_MIN_CHI,401872937,MIN,CHI,away,0,0,0,0,0.24,0,1,0,0,0,0,0,0.18,0,0,,1.92,1.27,-0.65,27,115,4.26,-0.151,0.296,0.074,28,107,3.82,-0.271,0.321,0.143,,0.005,-0.026,0.125,0.098,,-0.41,data/published/finals.json,-0.41,-3,-4.5,w2-sun-km-min-plus55,9,3,6,6.41,10.5,away,
2026,2,2026_02_PIT_NE,401872946,NE,PIT,home,0,0,0,0,0,0,0,0,0,0,0,0,0,0,0,,6,5.14,-0.86,24,119,4.96,-0.002,0.375,0.125,21,83,3.95,-0.074,0.286,0.095,,-0.13,-0.485,0.111,0.087,,4.23,data/published/finals.json,4.23,-4.5,-4.5,w2-sun-km-pit-plus55;w2-sun-bagels-pit-plus55;w2-sun-bagels-pit-plus5,20,3,17,21.23,12.5,no move,
2026,2,2026_02_NO_BAL,401872938,NO,BAL,away,0.24,0,0.24,0,0,0,1,0,0,0,0,0.168,0,0,0,,3.24,2.068,-1.172,24,54,2.25,-0.07,0.375,0,18,74,4.11,0.149,0.778,0,,0.26,0.1,0.077,0.081,,-5.73,data/published/finals.json,-5.73,-7.5,-8.5,,24,17,7,12.73,15.5,away,
2026,2,2026_02_NYG_LA,401872947,NYG,LAR,away,0,0,0,0,0,0,1,2,0,0,0,0,0,0,0,,0.75,0.5,-0.25,21,52,2.48,-0.286,0.238,0,24,164,6.83,-0.067,0.542,0.25,,-0.518,0.558,0.059,0.031,,-6.77,data/published/finals.json,-6.77,-9.5,-7,,6,28,-22,-15.23,-15,toward,
2026,2,2026_02_GB_NYJ,401872936,NYJ,GB,home,0,0,0,0,0,0,0,0,0,0,0,0,0,0,0,,3.79,3.37,-0.42,23,50,2.17,-0.507,0.217,0.087,18,63,3.5,-0.441,0.333,0.111,,0.086,-0.099,0.083,0.094,,-8.72,data/published/finals.json,-8.72,5.5,3.5,w2-sun-km-nyj-plus35;w2-sun-bagels-nyj-plus3,17,20,-3,-11.72,0.5,toward,
2026,2,2026_02_PHI_TEN,401872939,PHI,TEN,away,0,0,0,0,1,0,2,0,0,0,0,0,0.8,0,0,,4.41,1.47,-2.94,30,78,2.6,-0.163,0.333,0,27,117,4.33,0.093,0.444,0.111,,0.183,0.055,0.071,0.083,,5.78,data/published/finals.json,5.78,5.5,7,w2-sun-bagels-goedert-o385,24,20,4,-1.78,-3,away,
2026,2,2026_02_PIT_NE,401872946,PIT,NE,away,0,0,0,0,0.12,0,0,0,0,0,0,0,0.12,0,0,,1.22,1.04,-0.18,21,83,3.95,-0.074,0.286,0.095,24,119,4.96,-0.002,0.375,0.125,,-0.485,-0.13,0.087,0.111,,4.23,data/published/finals.json,4.23,-4.5,-4.5,w2-sun-km-pit-plus55;w2-sun-bagels-pit-plus55;w2-sun-bagels-pit-plus5,3,20,-17,-21.23,-12.5,no move,
2026,2,2026_02_SEA_ARI,401872943,SEA,ARI,away,0,0,0,0,1,0,1,0,0,0,0,0,0.8,0,0,,4.11,4.41,0.3,40,162,4.05,-0.178,0.425,0.1,16,63,3.94,-0.402,0.312,0.062,,0.596,-0.286,0.037,0.065,,1.76,data/published/finals.json,1.76,10,3.5,,31,7,24,22.24,20.5,toward,
2026,2,2026_02_MIA_SF,401872942,SF,MIA,home,0,0,0,0,0,0,0,2,0,1,0,0,0,0,0,,2.9,2.53,-0.37,22,67,3.05,-0.218,0.318,0,28,98,3.5,-0.16,0.464,0.036,,1.058,0.158,0,0.143,,-18.35,data/published/finals.json,-18.35,-10.5,-12.5,,35,13,22,3.65,9.5,toward,
2026,2,2026_02_CLE_TB,401872935,TB,CLE,home,0,0,0,0,0,0,1,0,0,1,0,0,0,0,0,,2.74,2.24,-0.5,22,111,5.05,0.015,0.455,0.136,18,32,1.78,-0.569,0.222,0,,-0.235,0.307,0.075,0.057,,-8.56,data/published/finals.json,-8.56,-6.5,-8.5,,19,23,-4,-12.56,-12.5,toward,
2026,2,2026_02_PHI_TEN,401872939,TEN,PHI,home,0,0,0,0,0,0,0,2,0,0,0,0,0,0,0,,2.34,0.87,-1.47,27,117,4.33,0.093,0.444,0.111,30,78,2.6,-0.163,0.333,0,,0.055,0.183,0.083,0.071,,5.78,data/published/finals.json,5.78,5.5,7,w2-sun-bagels-goedert-o385,20,24,-4,1.78,3,away,
2026,2,2026_02_WAS_DAL,401872944,WSH,DAL,away,1.24,0.24,0,1,0,1,0,2,0,0,0,0.862,0,0,0,,6,1.562,-4.438,25,110,4.4,-0.083,0.48,0.04,18,43,2.39,-0.244,0.389,0,,0.159,0.462,0,0.056,,-5.62,data/published/finals.json,-5.62,-4.5,-4.5,,20,37,-17,-11.38,-12.5,no move,
2026,3,2026_03_ARI_SF,401872958,ARI,SF,away,0,0,0,0,0.12,0,1,0,1,0,0,0,0.096,0,0,,1.47,0.956,-0.514,27,93,3.44,0.087,0.593,0,21,106,5.05,-0.059,0.524,0.19,,0.211,0.901,0.038,0,,-14.71,data/published/finals.json,-14.71,-8.5,-7.5,w3-sf-minus85,30,36,-6,8.71,1.5,away,
2026,3,2026_03_ATL_GB,401872948,ATL,GB,away,0,0,0,0,0,0,0,0,0,0,0,0,0,0,0,,1.24,0.34,-0.9,39,244,6.26,0.309,0.641,0.128,9,17,1.89,-0.301,0.333,0,,0.338,0.066,0,0.019,,-2.33,data/published/finals.json,-2.33,-7,-5.5,,35,14,21,23.33,26.5,toward,
2026,3,2026_03_BAL_DAL,401872960,BAL,DAL,away,0,0,0,0,0.45,0,1,0,0,0,0,0,0.45,0,0,,1,1.18,0.18,36,174,4.83,-0.135,0.417,0.167,26,129,4.96,-0.007,0.423,0.154,,0.573,0.147,0,0.022,,6.61,data/published/finals.json,6.61,3,3.5,w3-bal-minus3,34,31,3,-3.61,-0.5,toward,
2026,3,2026_03_LAC_BUF,401872953,BUF,LAC,home,0,0,0,0,0,0,0,0,0,0,0,0,0,0,0,,1.06,0.63,-0.43,31,169,5.45,0.07,0.613,0.161,26,122,4.69,0.068,0.615,0.115,,-0.112,-0.167,0.129,0.053,,-14.71,data/published/finals.json,-14.71,-7,-7,w3-buf-minus7,24,16,8,-6.71,1,no move,
2026,3,2026_03_CAR_CLE,401872949,CAR,CLE,away,0,0,0,0,0,0,0,2,1,0,0,0,0.25,0,0,,2.01,0.86,-1.15,23,98,4.26,-0.113,0.304,0.174,23,89,3.87,-0.294,0.304,0.13,,-0.117,0.114,0.06,0.053,,5.83,data/published/finals.json,5.83,2.5,1.5,w3-car-minus25,18,21,-3,-8.83,-4.5,away,
2026,3,2026_03_PHI_CHI,401872963,CHI,PHI,home,0,0,0,0,0,0,0,0,0,0,0,0,0,0,0,,2.5,2,-0.5,32,123,3.84,-0.008,0.469,0.031,16,83,5.19,0.338,0.562,0.188,,0.185,-0.635,0,0.065,,2.11,data/published/finals.json,2.11,4.5,3.5,,27,7,20,22.11,23.5,toward,
2026,3,2026_03_CIN_PIT,401872950,CIN,PIT,away,0,0,0,0,0,0,0,2,0,0,0,0,0,0,0,,0.85,0.45,-0.4,16,70,4.38,0.037,0.5,0.125,20,128,6.4,0.133,0.45,0.15,,0.378,0.238,0.025,0.056,,0.75,data/published/finals.json,0.75,3.5,3.5,w3-pit-plus35,27,30,-3,-3.75,-6.5,no move,
2026,3,2026_03_CAR_CLE,401872949,CLE,CAR,home,0,0,0,0,0,0,0,1,2,0,0,0.021,0,0,0,,2.25,1.881,-0.369,23,89,3.87,-0.294,0.304,0.13,23,98,4.26,-0.113,0.304,0.174,,0.114,-0.117,0.053,0.06,,5.83,data/published/finals.json,5.83,2.5,1.5,w3-car-minus25,21,18,3,8.83,4.5,away,
2026,3,2026_03_BAL_DAL,401872960,DAL,BAL,home,0,0,0,0,0,0,0,0,1,0,0,0,0,0,0,,1.1,0.9,-0.2,26,129,4.96,-0.007,0.423,0.154,36,174,4.83,-0.135,0.417,0.167,,0.147,0.573,0.022,0,,6.61,data/published/finals.json,6.61,3,3.5,w3-bal-minus3,31,34,-3,3.61,0.5,toward,
2026,3,2026_03_LA_DEN,401872962,DEN,LAR,home,0,0,0,0,0,0,0,1,0,0,0,0,0,0,0,,1.57,0.57,-1,25,78,3.12,0.026,0.36,0.04,22,106,4.82,0.008,0.364,0.045,,-0.091,0.017,0.029,0.069,,9.61,data/published/finals.json,9.61,2.5,1.5,w3-lar-minus2,30,26,4,13.61,5.5,away,
2026,3,2026_03_NYJ_DET,401872954,DET,NYJ,home,0,0,0,0,0.12,0,0,0,1,0,0,0,0.21,0,0,,1.81,1.5,-0.31,26,125,4.81,0.026,0.577,0.077,17,46,2.71,-0.28,0.235,0.059,,0.31,0.242,0.056,0.114,,-3.78,data/published/finals.json,-3.78,-6.5,-6.5,,31,24,7,3.22,0.5,no move,
2026,3,2026_03_ATL_GB,401872948,GB,ATL,home,0,0,0,0,0,0,0,0,1,0,0,0,0,0,0,,2.56,0.5,-2.06,9,17,1.89,-0.301,0.333,0,39,244,6.26,0.309,0.641,0.128,,0.066,0.338,0.019,0,,-2.33,data/published/finals.json,-2.33,-7,-5.5,,14,35,-21,-23.33,-26.5,toward,
2026,3,2026_03_HOU_IND,401872951,HOU,IND,away,1,0,0,1,0.57,1,1,0,1,0,0,0.525,0.48,0,0,,1.7,1.905,0.205,20,62,3.1,-0.17,0.35,0,30,88,2.93,-0.092,0.367,0.033,,-0.042,-0.13,0.097,0.098,,1.48,data/published/finals.json,1.48,2.5,1.5,,17,19,-2,-3.48,-3.5,toward,
2026,3,2026_03_HOU_IND,401872951,IND,HOU,home,0,0,0,0,0,0,0,0,0,0,0,0,0,0,0,,1.58,1.38,-0.2,30,88,2.93,-0.092,0.367,0.033,20,62,3.1,-0.17,0.35,0,,-0.13,-0.042,0.098,0.097,,1.48,data/published/finals.json,1.48,2.5,1.5,,19,17,2,3.48,3.5,toward,
2026,3,2026_03_NE_JAX,401872957,JAX,NE,home,0,0,0,0,0.24,0,0,0,0,0,0,0,0.168,0,0,,0.59,0.258,-0.332,28,129,4.61,0.239,0.536,0.071,23,64,2.78,-0.129,0.261,0,,0.228,-0.33,0.032,0.081,,-9.86,data/published/finals.json,-9.86,-2.5,-3,w3-jax-minus3,35,6,29,19.14,26,toward,
2026,3,2026_03_KC_MIA,401872952,KC,MIA,away,0,0,0,0,0,0,0,0,0,0,0,0.054,0,0,0,,1,0.374,-0.626,24,87,3.62,-0.232,0.458,0.125,25,76,3.04,-0.382,0.16,0.08,,0.494,-0.014,0,0,,18.76,data/published/finals.json,18.76,10.5,10,w3-kc-minus105,24,10,14,-4.76,4,away,
2026,3,2026_03_LAC_BUF,401872953,LAC,BUF,away,0,0,0,0,0,0,0,0,2,0,0,0,0,0,0,,2.71,1.76,-0.95,26,122,4.69,0.068,0.615,0.115,31,169,5.45,0.07,0.613,0.161,,-0.167,-0.112,0.053,0.129,,-14.71,data/published/finals.json,-14.71,-7,-7,w3-buf-minus7,16,24,-8,6.71,-1,no move,
2026,3,2026_03_LA_DEN,401872962,LAR,DEN,away,0,0,0,0,0,0,0,0,0,0,0,0,0,0,0,,1.37,0.87,-0.5,22,106,4.82,0.008,0.364,0.045,25,78,3.12,0.026,0.36,0.04,,0.017,-0.091,0.069,0.029,,9.61,data/published/finals.json,9.61,2.5,1.5,w3-lar-minus2,26,30,-4,-13.61,-5.5,away,
2026,3,2026_03_LV_NO,401872961,LV,NO,away,0,0,0,0,0,0,0,0,0,0,0,0,0,0,0,,0.97,0.9,-0.07,24,110,4.58,-0.095,0.292,0.083,27,112,4.15,0.013,0.519,0.074,,0.293,-0.112,0.081,0.044,,1.98,data/published/finals.json,1.98,-3.5,-3.5,w3-lv-plus3,35,27,8,6.02,11.5,no move,
2026,3,2026_03_KC_MIA,401872952,MIA,KC,home,0,0,0,0,0,0,0,0,0,0,0,0,0,0,0,,1.21,0.67,-0.54,25,76,3.04,-0.382,0.16,0.08,24,87,3.62,-0.232,0.458,0.125,,-0.014,0.494,0,0,,18.76,data/published/finals.json,18.76,10.5,10,w3-kc-minus105,10,24,-14,4.76,-4,away,
2026,3,2026_03_MIN_TB,401872959,MIN,TB,away,0,0,0,0,0,0,0,0,1,0,0,0,0,0,0,,0.65,0.4,-0.25,21,61,2.9,-0.199,0.286,0.048,18,42,2.33,-0.284,0.167,0,,-0.304,-0.231,0.088,0.13,,6.28,data/published/finals.json,6.28,2.5,1.5,w3-min-minus1,23,16,7,0.72,5.5,away,
2026,3,2026_03_NE_JAX,401872957,NE,JAX,away,0,0,0,0,1.24,0,1,0,0,1,0,0,1.04,0,0,,2,2.29,0.29,23,64,2.78,-0.129,0.261,0,28,129,4.61,0.239,0.536,0.071,,-0.33,0.228,0.081,0.032,,-9.86,data/published/finals.json,-9.86,-2.5,-3,w3-jax-minus3,6,35,-29,-19.14,-26,toward,
2026,3,2026_03_LV_NO,401872961,NO,LV,home,0,0,0,0,1,0,1,0,1,1,0,0,0.75,0,0,,1.64,1.74,0.1,27,112,4.15,0.013,0.519,0.074,24,110,4.58,-0.095,0.292,0.083,,-0.112,0.293,0.044,0.081,,1.98,data/published/finals.json,1.98,-3.5,-3.5,w3-lv-plus3,27,35,-8,-6.02,-11.5,no move,
2026,3,2026_03_TEN_NYG,401872956,NYG,TEN,home,0.45,0,0,0.45,0,0,0,1,1,1,0,0.236,0.06,0,0,,1.31,1.266,-0.044,31,124,4,-0.062,0.419,0.097,21,81,3.86,-0.089,0.333,0.095,,-0.18,-0.18,0.115,0,,-5.14,data/published/finals.json,-5.14,-6,-2.5,,12,7,5,-0.14,2.5,away,
2026,3,2026_03_NYJ_DET,401872954,NYJ,DET,away,0,0,0,0,0,0,0,0,0,0,0,0,0,0,0,,2.08,1.31,-0.77,17,46,2.71,-0.28,0.235,0.059,26,125,4.81,0.026,0.577,0.077,,0.242,0.31,0.114,0.056,,-3.78,data/published/finals.json,-3.78,-6.5,-6.5,,24,31,-7,-3.22,-0.5,no move,
2026,3,2026_03_PHI_CHI,401872963,PHI,CHI,away,0,0,0,0,0,0,0,0,2,0,0,0,0.45,0,0,,1.34,1.2,-0.14,16,83,5.19,0.338,0.562,0.188,32,123,3.84,-0.008,0.469,0.031,,-0.635,0.185,0.065,0,,2.11,data/published/finals.json,2.11,4.5,3.5,,7,27,-20,-22.11,-23.5,toward,
2026,3,2026_03_CIN_PIT,401872950,PIT,CIN,home,0,0,0,0,0,0,1,0,1,0,0,0,0,0,0,,0.9,0.81,-0.09,20,128,6.4,0.133,0.45,0.15,16,70,4.38,0.037,0.5,0.125,,0.238,0.378,0.056,0.025,,0.75,data/published/finals.json,0.75,3.5,3.5,w3-pit-plus35,30,27,3,3.75,6.5,no move,
2026,3,2026_03_SEA_WAS,401872955,SEA,WSH,away,0,0,0,0,1,0,1,0,0,0,0,0,0.8,0,0,,0.75,1.3,0.55,17,39,2.29,-0.564,0.353,0.059,28,80,2.86,-0.274,0.214,0.036,,0.141,0.075,0,0.057,,15.93,data/published/finals.json,15.93,6.5,8.5,w3-sea-minus8,31,33,-2,-17.93,-10.5,toward,
2026,3,2026_03_ARI_SF,401872958,SF,ARI,home,0,0,0,0,0,0,0,2,0,0,0,0,0,0,0,,2.48,1.58,-0.9,21,106,5.05,-0.059,0.524,0.19,27,93,3.44,0.087,0.593,0,,0.901,0.211,0,0.038,,-14.71,data/published/finals.json,-14.71,-8.5,-7.5,w3-sf-minus85,36,30,6,-8.71,-1.5,away,
2026,3,2026_03_MIN_TB,401872959,TB,MIN,home,0,0,0,0,0,0,0,2,1,0,0,0,0,0,0,,1.27,0.5,-0.77,18,42,2.33,-0.284,0.167,0,21,61,2.9,-0.199,0.286,0.048,,-0.231,-0.304,0.13,0.088,,6.28,data/published/finals.json,6.28,2.5,1.5,w3-min-minus1,16,23,-7,-0.72,-5.5,away,
2026,3,2026_03_TEN_NYG,401872956,TEN,NYG,away,0,0,0,0,0,0,0,1,0,0,0,0,0,0,0,,1.16,0.57,-0.59,21,81,3.86,-0.089,0.333,0.095,31,124,4,-0.062,0.419,0.097,,-0.18,-0.18,0,0.115,,-5.14,data/published/finals.json,-5.14,-6,-2.5,,7,12,-5,0.14,-2.5,away,
2026,3,2026_03_SEA_WAS,401872955,WSH,SEA,home,0.57,0.12,0,0.45,0,1,0,1,1,0,0,0.317,0.113,0,0,,3.09,2.29,-0.8,28,80,2.86,-0.274,0.214,0.036,17,39,2.29,-0.564,0.353,0.059,,0.075,0.141,0.057,0,,15.93,data/published/finals.json,15.93,6.5,8.5,w3-sea-minus8,33,31,2,17.93,10.5,toward,
2026,4,2026_04_ARI_NYG,401872966,ARI,NYG,away,0,0,0,0,0,0,0,0,0,0,1,0,0,0,0,,1.17,0.72,-0.45,24,115,4.79,0.094,0.5,0.083,28,87,3.11,-0.36,0.214,0,,-0.462,0.146,0.051,0.121,,-4,lock 2026-w04-ari-nyg.json model_home_spread rounded to 0.5 (README official rule from Week 4),-3.86,1.5,2.5,w4-nyg-plus1,24,36,-12,-8,-14.5,away,street close from nflverse games.csv spread_line (no close tag in line-history yet)
2026,4,2026_04_ATL_NO,401872979,ATL,NO,away,0.24,0,0,0.24,0,0,0,0,0,0,1,0.168,0,0,0,,1.18,0.418,-0.762,33,207,6.27,0.366,0.606,0.121,18,47,2.61,-0.292,0.278,0,,0.507,0.004,0.048,0.039,,-3.5,lock 2026-w04-atl-no.json model_home_spread rounded to 0.5 (README official rule from Week 4),-3.3,-2.5,-1.5,w4-no-minus25,45,24,21,24.5,22.5,away,street close from nflverse games.csv spread_line (no close tag in line-history yet)
2026,4,2026_04_TEN_BAL,401872973,BAL,TEN,home,0,0,0,0,1.45,0,1,1,0,0,0,0,0.938,0,0,,1.13,1.528,0.398,26,88,3.38,-0.117,0.269,0.115,22,58,2.64,-0.179,0.318,0,,0.389,-0.145,0.061,0.028,,-13,lock 2026-w04-ten-bal.json model_home_spread rounded to 0.5 (README official rule from Week 4),-13.15,-11.5,-11.5,w4-bal-minus115,24,18,6,-7,-5.5,no move,street close from nflverse games.csv spread_line (no close tag in line-history yet)
2026,4,2026_04_NE_BUF,401872971,BUF,NE,home,0,0,0,0,0,0,0,0,0,0,0,0,0,0,0,,0.82,0.63,-0.19,19,87,4.58,0.147,0.526,0.158,29,90,3.1,-0.075,0.448,0.069,,0.103,0.354,0.029,0.024,,-11,lock 2026-w04-ne-buf.json model_home_spread rounded to 0.5 (README official rule from Week 4),-11.18,-7,-7,w4-buf-minus7,26,29,-3,-14,-10,no move,street close from nflverse games.csv spread_line (no close tag in line-history yet)
2026,4,2026_04_DET_CAR,401872978,CAR,DET,home,0,0,0,0,1.12,0,1,0,0,0,0,0,0.8,0,0,,2.37,1.82,-0.55,25,124,4.96,-0.03,0.44,0.16,15,46,3.07,-0.023,0.333,0.067,,0.467,0.233,0.067,0.019,,-1,lock 2026-w04-det-car.json model_home_spread rounded to 0.5 (README official rule from Week 4),-0.86,3.5,4.5,w4-car-plus35,32,26,6,5,10.5,away,street close from nflverse games.csv spread_line (no close tag in line-history yet)
2026,4,2026_04_NYJ_CHI,401872972,CHI,NYJ,home,0,0,0,0,0,0,0,1,1,0,0,0,0.2,0,0,,2.94,2.39,-0.55,50,231,4.62,-0.055,0.5,0.12,14,59,4.21,0.034,0.571,0.071,,0.216,-0.27,0.028,0.167,,-8,lock 2026-w04-nyj-chi.json model_home_spread rounded to 0.5 (README official rule from Week 4),-8.17,-3,-3.5,,23,12,11,3,7.5,toward,street close from nflverse games.csv spread_line (no close tag in line-history yet)
2026,4,2026_04_JAX_CIN,401872969,CIN,JAX,home,0,0,0,0,0.12,0,0,0,0,0,0,0,0,0,0,,1.42,1.1,-0.32,13,18,1.38,-0.312,0.231,0,25,113,4.52,0.034,0.36,0.12,,0.126,0.379,0.034,0.148,,4.5,lock 2026-w04-jax-cin.json model_home_spread rounded to 0.5 (README official rule from Week 4),4.52,-2.5,-2.5,w4-jax-plus3,17,22,-5,-0.5,-7.5,no move,street close from nflverse games.csv spread_line (no close tag in line-history yet)
2026,4,2026_04_PIT_CLE,401872964,CLE,PIT,home,0,0,0,0,1,0,1,0,0,1,0,0,0.8,0,0,,1.2,1.2,0,23,86,3.74,-0.228,0.348,0.043,19,92,4.84,0.063,0.526,0.105,,0.303,0.075,0.054,0.111,,5.5,lock 2026-w04-pit-cle.json model_home_spread rounded to 0.5 (README official rule from Week 4),5.63,2.5,2.5,w4-pit-minus25,27,24,3,8.5,5.5,no move,street close from nflverse games.csv spread_line (no close tag in line-history yet)
2026,4,2026_04_DAL_HOU,401872967,DAL,HOU,away,0,0,0,0,0,0,0,0,0,0,0,0,0,0,0,,2.06,1.11,-0.95,23,68,2.96,0.084,0.478,0.087,17,50,2.94,-0.233,0.235,0,,0.171,0.481,0.06,0.061,,-1.5,lock 2026-w04-dal-hou.json model_home_spread rounded to 0.5 (README official rule from Week 4),-1.29,-2.5,-3,w4-dal-plus3,34,30,4,5.5,7,away,street close from nflverse games.csv spread_line (no close tag in line-history yet)
2026,4,2026_04_DEN_SF,401872975,DEN,SF,away,0,0,0,0,0,0,0,1,0,0,0,0,0,0,0,,1.32,0.5,-0.82,20,72,3.6,-0.018,0.4,0,29,118,4.07,-0.085,0.414,0.172,,0.115,0.3,0,0,,-16.5,lock 2026-w04-den-sf.json model_home_spread rounded to 0.5 (README official rule from Week 4),-16.34,-3,-3,w4-sf-minus3,14,24,-10,6.5,-7,no move,street close from nflverse games.csv spread_line (no close tag in line-history yet)
2026,4,2026_04_DET_CAR,401872978,DET,CAR,away,0,0,0,0,0,0,0,0,1,0,0,0,0.2,0,0,,1.99,1.74,-0.25,15,46,3.07,-0.023,0.333,0.067,25,124,4.96,-0.03,0.44,0.16,,0.233,0.467,0.019,0.067,,-1,lock 2026-w04-det-car.json model_home_spread rounded to 0.5 (README official rule from Week 4),-0.86,3.5,4.5,w4-car-plus35,26,32,-6,-5,-10.5,away,street close from nflverse games.csv spread_line (no close tag in line-history yet)
2026,4,2026_04_GB_TB,401872968,GB,TB,away,0.12,0,0,0.12,1,0,1,0,3,0,0,0.084,0.6,0,0,,2.17,0.884,-1.286,22,98,4.45,-0.271,0.409,0.091,25,95,3.8,0.02,0.44,0.04,,0.23,-0.078,0,0.083,,-5,lock 2026-w04-gb-tb.json model_home_spread rounded to 0.5 (README official rule from Week 4),-4.79,3.5,3,,17,14,3,8,0,toward,street close from nflverse games.csv spread_line (no close tag in line-history yet)
2026,4,2026_04_DAL_HOU,401872967,HOU,DAL,home,1,0,0,1,0,1,0,1,1,0,0,0.875,0.024,0,0,,2.23,1.799,-0.431,17,50,2.94,-0.233,0.235,0,23,68,2.96,0.084,0.478,0.087,,0.481,0.171,0.061,0.06,,-1.5,lock 2026-w04-dal-hou.json model_home_spread rounded to 0.5 (README official rule from Week 4),-1.29,-2.5,-3,w4-dal-plus3,30,34,-4,-5.5,-7,away,street close from nflverse games.csv spread_line (no close tag in line-history yet)
2026,4,2026_04_IND_WAS,401872965,IND,WSH,away,0,0,0,0,0,0,0,0,0,0,0,0,0,0,0,,1.36,1.16,-0.2,28,131,4.68,0.281,0.571,0.143,20,83,4.15,-0.267,0.3,0.1,,-0.371,-0.241,0.056,0.049,,2,lock 2026-w04-ind-wsh.json model_home_spread rounded to 0.5 (README official rule from Week 4),1.98,3,4.5,w4-wsh-plus3,30,13,17,15,12.5,away,street close from nflverse games.csv spread_line (no close tag in line-history yet)
2026,4,2026_04_JAX_CIN,401872969,JAX,CIN,away,0,0,0,0,0,0,0,0,1,0,0,0,0,0,0,,0.34,0,-0.34,25,113,4.52,0.034,0.36,0.12,13,18,1.38,-0.312,0.231,0,,0.379,0.126,0.148,0.034,,4.5,lock 2026-w04-jax-cin.json model_home_spread rounded to 0.5 (README official rule from Week 4),4.52,-2.5,-2.5,w4-jax-plus3,22,17,5,0.5,7.5,no move,street close from nflverse games.csv spread_line (no close tag in line-history yet)
2026,4,2026_04_KC_LV,401872976,KC,LV,away,0,0,0,0,0,0,1,0,0,0,0,0,0,0,0,,0.95,0.25,-0.7,24,189,7.88,0.223,0.458,0.208,26,72,2.77,-0.237,0.385,0.077,,0.096,0.178,0.061,0,,2,lock 2026-w04-kc-lv.json model_home_spread rounded to 0.5 (README official rule from Week 4),1.96,5.5,4.5,w4-lv-plus45,30,27,3,1,-1.5,toward,street close from nflverse games.csv spread_line (no close tag in line-history yet)
2026,4,2026_04_LAC_SEA,401872977,LAC,SEA,away,0,0,0,0,0,0,0,0,2,0,1,0,0,0,0,,2.38,1.75,-0.63,27,110,4.07,0.086,0.444,0.111,30,132,4.4,-0.023,0.333,0.1,,-0.198,-0.164,0.098,0.115,,-19.5,lock 2026-w04-lac-sea.json model_home_spread rounded to 0.5 (README official rule from Week 4),-19.71,-6.5,-7,w4-sea-minus7,23,30,-7,12.5,0,toward,street close from nflverse games.csv spread_line (no close tag in line-history yet)
2026,4,2026_04_LA_PHI,401872970,LAR,PHI,away,0.12,0,0,0.12,0,0,0,0,0,0,0,0.084,0,0,0,,1.47,0.964,-0.506,22,96,4.36,0.139,0.455,0.045,26,90,3.46,-0.382,0.308,0.038,,0.026,-0.21,0.019,0.125,,3.5,lock 2026-w04-lar-phi.json model_home_spread rounded to 0.5 (README official rule from Week 4),3.68,1.5,3.5,,24,20,4,0.5,0.5,toward,street close from nflverse games.csv spread_line (no close tag in line-history yet)
2026,4,2026_04_KC_LV,401872976,LV,KC,home,0,0,0,0,1,0,1,1,0,0,0,0,0.6,0,0,,0.92,1.32,0.4,26,72,2.77,-0.237,0.385,0.077,24,189,7.88,0.223,0.458,0.208,,0.178,0.096,0,0.061,,2,lock 2026-w04-kc-lv.json model_home_spread rounded to 0.5 (README official rule from Week 4),1.96,5.5,4.5,w4-lv-plus45,27,30,-3,-1,1.5,toward,street close from nflverse games.csv spread_line (no close tag in line-history yet)
2026,4,2026_04_MIA_MIN,401872974,MIA,MIN,away,0,0,0,0,0,0,0,0,0,0,0,0,0,0,0,,1.6,0.7,-0.9,17,113,6.65,0.18,0.353,0.176,26,113,4.35,-0.094,0.385,0.115,,-0.53,-0.018,0.1,0.093,,-19.5,lock 2026-w04-mia-min.json model_home_spread rounded to 0.5 (README official rule from Week 4),-19.71,-10,-10,w4-min-minus11,10,15,-5,14.5,5,no move,street close from nflverse games.csv spread_line (no close tag in line-history yet)
2026,4,2026_04_MIA_MIN,401872974,MIN,MIA,home,0,0,0,0,0,0,0,0,0,0,1,0,0,0,0,,1.6,1.35,-0.25,26,113,4.35,-0.094,0.385,0.115,17,113,6.65,0.18,0.353,0.176,,-0.018,-0.53,0.093,0.1,,-19.5,lock 2026-w04-mia-min.json model_home_spread rounded to 0.5 (README official rule from Week 4),-19.71,-10,-10,w4-min-minus11,15,10,5,-14.5,-5,no move,street close from nflverse games.csv spread_line (no close tag in line-history yet)
2026,4,2026_04_NE_BUF,401872971,NE,BUF,away,0.24,0,0,0.24,0.24,0,0,1,1,0,0,0.225,0.2,0,0,,2.72,1.925,-0.795,29,90,3.1,-0.075,0.448,0.069,19,87,4.58,0.147,0.526,0.158,,0.354,0.103,0.024,0.029,,-11,lock 2026-w04-ne-buf.json model_home_spread rounded to 0.5 (README official rule from Week 4),-11.18,-7,-7,w4-buf-minus7,29,26,3,14,10,no move,street close from nflverse games.csv spread_line (no close tag in line-history yet)
2026,4,2026_04_ATL_NO,401872979,NO,ATL,home,2,0,1,1,0,2,0,0,1,0,0,1.304,0.25,0,0,,2.13,2.544,0.414,18,47,2.61,-0.292,0.278,0,33,207,6.27,0.366,0.606,0.121,,0.004,0.507,0.039,0.048,,-3.5,lock 2026-w04-atl-no.json model_home_spread rounded to 0.5 (README official rule from Week 4),-3.3,-2.5,-1.5,w4-no-minus25,24,45,-21,-24.5,-22.5,away,street close from nflverse games.csv spread_line (no close tag in line-history yet)
2026,4,2026_04_ARI_NYG,401872966,NYG,ARI,home,1,0,0,1,0.24,1,1,0,0,0,0,0.525,0.24,0,0,,1.61,1.785,0.175,28,87,3.11,-0.36,0.214,0,24,115,4.79,0.094,0.5,0.083,,0.146,-0.462,0.121,0.051,,-4,lock 2026-w04-ari-nyg.json model_home_spread rounded to 0.5 (README official rule from Week 4),-3.86,1.5,2.5,w4-nyg-plus1,36,24,12,8,14.5,away,street close from nflverse games.csv spread_line (no close tag in line-history yet)
2026,4,2026_04_NYJ_CHI,401872972,NYJ,CHI,away,0,0,0,0,1,0,1,1,0,0,0,0.054,0.6,0,0,,2.39,2.074,-0.316,14,59,4.21,0.034,0.571,0.071,50,231,4.62,-0.055,0.5,0.12,,-0.27,0.216,0.167,0.028,,-8,lock 2026-w04-nyj-chi.json model_home_spread rounded to 0.5 (README official rule from Week 4),-8.17,-3,-3.5,,12,23,-11,-3,-7.5,toward,street close from nflverse games.csv spread_line (no close tag in line-history yet)
2026,4,2026_04_LA_PHI,401872970,PHI,LAR,home,0.45,0,0,0.45,0,1,1,0,1,0,0,0.315,0.2,0,0,,1.45,1.445,-0.005,26,90,3.46,-0.382,0.308,0.038,22,96,4.36,0.139,0.455,0.045,,-0.21,0.026,0.125,0.019,,3.5,lock 2026-w04-lar-phi.json model_home_spread rounded to 0.5 (README official rule from Week 4),3.68,1.5,3.5,,20,24,-4,-0.5,-0.5,toward,street close from nflverse games.csv spread_line (no close tag in line-history yet)
2026,4,2026_04_PIT_CLE,401872964,PIT,CLE,away,0,0,0,0,0,0,1,0,1,0,0,0,0,0,0,,1.08,1.08,0,19,92,4.84,0.063,0.526,0.105,23,86,3.74,-0.228,0.348,0.043,,0.075,0.303,0.111,0.054,,5.5,lock 2026-w04-pit-cle.json model_home_spread rounded to 0.5 (README official rule from Week 4),5.63,2.5,2.5,w4-pit-minus25,24,27,-3,-8.5,-5.5,no move,street close from nflverse games.csv spread_line (no close tag in line-history yet)
2026,4,2026_04_LAC_SEA,401872977,SEA,LAC,home,0,0,0,0,0,0,0,0,1,0,0,0,0.2,0,0,,0.84,0.79,-0.05,30,132,4.4,-0.023,0.333,0.1,27,110,4.07,0.086,0.444,0.111,,-0.164,-0.198,0.115,0.098,,-19.5,lock 2026-w04-lac-sea.json model_home_spread rounded to 0.5 (README official rule from Week 4),-19.71,-6.5,-7,w4-sea-minus7,30,23,7,-12.5,0,toward,street close from nflverse games.csv spread_line (no close tag in line-history yet)
2026,4,2026_04_DEN_SF,401872975,SF,DEN,home,0,0,0,0,0,0,0,2,0,0,0,0.042,0,0,0,,2.44,1.372,-1.068,29,118,4.07,-0.085,0.414,0.172,20,72,3.6,-0.018,0.4,0,,0.3,0.115,0,0,,-16.5,lock 2026-w04-den-sf.json model_home_spread rounded to 0.5 (README official rule from Week 4),-16.34,-3,-3,w4-sf-minus3,24,14,10,-6.5,7,no move,street close from nflverse games.csv spread_line (no close tag in line-history yet)
2026,4,2026_04_GB_TB,401872968,TB,GB,home,0,0,0,0,0,0,0,1,0,0,0,0,0,0,0,,3.2,2.75,-0.45,25,95,3.8,0.02,0.44,0.04,22,98,4.45,-0.271,0.409,0.091,,-0.078,0.23,0.083,0,,-5,lock 2026-w04-gb-tb.json model_home_spread rounded to 0.5 (README official rule from Week 4),-4.79,3.5,3,,14,17,-3,-8,0,toward,street close from nflverse games.csv spread_line (no close tag in line-history yet)
2026,4,2026_04_TEN_BAL,401872973,TEN,BAL,away,0,0,0,0,0,0,0,0,2,0,0,0,0.2,0,0,,1.32,0.52,-0.8,22,58,2.64,-0.179,0.318,0,26,88,3.38,-0.117,0.269,0.115,,-0.145,0.389,0.028,0.061,,-13,lock 2026-w04-ten-bal.json model_home_spread rounded to 0.5 (README official rule from Week 4),-13.15,-11.5,-11.5,w4-bal-minus115,18,24,-6,7,5.5,no move,street close from nflverse games.csv spread_line (no close tag in line-history yet)
2026,4,2026_04_IND_WAS,401872965,WSH,IND,home,0,0,0,0,0,0,1,1,1,0,0,0,0.25,0,0,,3.23,2.23,-1,20,83,4.15,-0.267,0.3,0.1,28,131,4.68,0.281,0.571,0.143,,-0.241,-0.371,0.049,0.056,,2,lock 2026-w04-ind-wsh.json model_home_spread rounded to 0.5 (README official rule from Week 4),1.98,3,4.5,w4-wsh-plus3,13,30,-17,-15,-12.5,away,street close from nflverse games.csv spread_line (no close tag in line-history yet)
2026,5,2026_05_DET_ARI,401872991,ARI,DET,home,0,0,0,0,2,,,,,,,0,1.4,0,0,,2.08,2.53,0.45,,,,,,,,,,,,,,,,,,,,,,,,,,,,,,,
2026,5,2026_05_BAL_ATL,401872993,ATL,BAL,home,0,0,0,0,0.24,,,,,,,0,0.24,0,0,,1.06,0.49,-0.57,,,,,,,,,,,,,,,,,,,,,,,,,,,,,,,
2026,5,2026_05_BAL_ATL,401872993,BAL,ATL,away,0,0,0,0,1,,,,,,,0.079,0.6,0,0,,2.22,2.209,-0.011,,,,,,,,,,,,,,,,,,,,,,,,,,,,,,,
2026,5,2026_05_BUF_LA,401872994,BUF,LAR,away,0,0,0,0,0,,,,,,,0,0,0,0,,0.77,0.68,-0.09,,,,,,,,,,,,,,,,,,,,,,,,,,,,,,,
2026,5,2026_05_CHI_GB,401872990,CHI,GB,away,0,0,0,0,0,,,,,,,0,0.2,0,0,,2.41,2.36,-0.05,,,,,,,,,,,,,,,,,,,,,,,,,,,,,,,
2026,5,2026_05_CIN_MIA,401872982,CIN,MIA,away,0,0,0,0,0,,,,,,,0,0,0,0,,1.46,1.05,-0.41,,,,,,,,,,,,,,,,,,,,,,,,,,,,,,,
2026,5,2026_05_CLE_NYJ,401872983,CLE,NYJ,away,0,0,0,0,0,,,,,,,0.326,0,0,0,,1.02,0.686,-0.334,,,,,,,,,,,,,,,,,,,,,,,,,,,,,,,
2026,5,2026_05_TB_DAL,401872980,DAL,TB,home,0,0,0,0,0.27,,,,,,,0,0.27,0,0,,1.64,1.39,-0.25,,,,,,,,,,,,,,,,,,,,,,,,,,,,,,,
2026,5,2026_05_DEN_LAC,401872989,DEN,LAC,away,0,0,0,0,0,,,,,,,0,0,0,0,,1.82,1.07,-0.75,,,,,,,,,,,,,,,,,,,,,,,,,,,,,,,
2026,5,2026_05_DET_ARI,401872991,DET,ARI,away,0,0,0,0,0,,,,,,,0,0.09,0,0,,1.94,1.74,-0.2,,,,,,,,,,,,,,,,,,,,,,,,,,,,,,,
2026,5,2026_05_CHI_GB,401872990,GB,CHI,home,1.24,0.24,0,1,0.69,,,,,,,0.862,0.51,0,0,,2.29,1.892,-0.398,,,,,,,,,,,,,,,,,,,,,,,,,,,,,,,
2026,5,2026_05_HOU_TEN,401872984,HOU,TEN,away,0.48,0,0.24,0.24,0,,,,,,,0.294,0,0,0,,2.41,1.194,-1.216,,,,,,,,,,,,,,,,,,,,,,,,,,,,,,,
2026,5,2026_05_IND_PIT,401872985,IND,PIT,away,1.45,0,0,1.45,0,,,,,,,0.761,0,0,0,,1.67,1.941,0.271,,,,,,,,,,,,,,,,,,,,,,,,,,,,,,,
2026,5,2026_05_PHI_JAX,401872981,JAX,PHI,home,0,0,0,0,0,,,,,,,0,0,0,0,,1,0.75,-0.25,,,,,,,,,,,,,,,,,,,,,,,,,,,,,,,
2026,5,2026_05_DEN_LAC,401872989,LAC,DEN,home,0,0,0,0,1.45,,,,,,,0,1.563,0,0,,2.56,2.813,0.253,,,,,,,,,,,,,,,,,,,,,,,,,,,,,,,
2026,5,2026_05_BUF_LA,401872994,LAR,BUF,home,0.45,0,0,0.45,0,,,,,,,0.315,0,0,0,,1.34,1.065,-0.275,,,,,,,,,,,,,,,,,,,,,,,,,,,,,,,
2026,5,2026_05_LV_NE,401872986,LV,NE,away,0,0,0,0,0,,,,,,,0,0,0,0,,0.7,0.7,0,,,,,,,,,,,,,,,,,,,,,,,,,,,,,,,
2026,5,2026_05_CIN_MIA,401872982,MIA,CIN,home,0,0,0,0,0,,,,,,,0,0,0,0,,2.02,1.14,-0.88,,,,,,,,,,,,,,,,,,,,,,,,,,,,,,,
2026,5,2026_05_MIN_NO,401872987,MIN,NO,away,0,0,0,0,1.69,,,,,,,0,1.49,0,0,,1.88,2.49,0.61,,,,,,,,,,,,,,,,,,,,,,,,,,,,,,,
2026,5,2026_05_LV_NE,401872986,NE,LV,home,0,0,0,0,0,,,,,,,0,0,0,0,,2.51,1.44,-1.07,,,,,,,,,,,,,,,,,,,,,,,,,,,,,,,
2026,5,2026_05_MIN_NO,401872987,NO,MIN,home,0.45,0,0,0.45,0,,,,,,,0.357,0,0,0,,2.52,1.997,-0.523,,,,,,,,,,,,,,,,,,,,,,,,,,,,,,,
2026,5,2026_05_NYG_WAS,401872988,NYG,WSH,away,0,0,0,0,0.24,,,,,,,0.4,0.24,0,0,,2.19,1.99,-0.2,,,,,,,,,,,,,,,,,,,,,,,,,,,,,,,
2026,5,2026_05_CLE_NYJ,401872983,NYJ,CLE,home,0,0,0,0,1,,,,,,,0.054,0.6,0,0,,2.43,1.844,-0.586,,,,,,,,,,,,,,,,,,,,,,,,,,,,,,,
2026,5,2026_05_PHI_JAX,401872981,PHI,JAX,away,0.48,0,0,0.48,0,,,,,,,0.294,0,0,0,,1.89,1.514,-0.376,,,,,,,,,,,,,,,,,,,,,,,,,,,,,,,
2026,5,2026_05_IND_PIT,401872985,PIT,IND,home,0,0,0,0,0,,,,,,,0,0,0,0,,0.94,0.74,-0.2,,,,,,,,,,,,,,,,,,,,,,,,,,,,,,,
2026,5,2026_05_SF_SEA,401872992,SEA,SF,home,0.45,0,0.45,0,0,,,,,,,0.236,0,0,0,,1.39,1.116,-0.274,,,,,,,,,,,,,,,,,,,,,,,,,,,,,,,
2026,5,2026_05_SF_SEA,401872992,SF,SEA,away,0,0,0,0,0,,,,,,,0,0,0,0,,3.04,2.09,-0.95,,,,,,,,,,,,,,,,,,,,,,,,,,,,,,,
2026,5,2026_05_TB_DAL,401872980,TB,DAL,away,0,0,0,0,0,,,,,,,0,0,0,0,,3.3,2.8,-0.5,,,,,,,,,,,,,,,,,,,,,,,,,,,,,,,
2026,5,2026_05_HOU_TEN,401872984,TEN,HOU,home,0,0,0,0,0,,,,,,,0,0.2,0,0,,1.75,0.95,-0.8,,,,,,,,,,,,,,,,,,,,,,,,,,,,,,,
2026,5,2026_05_NYG_WAS,401872988,WSH,NYG,home,0,0,0,0,0,,,,,,,0.079,0.03,0,0,,2.64,1.519,-1.121,,,,,,,,,,,,,,,,,,,,,,,,,,,,,,,
