team,year,wins,d_wins,ol_return,dl_return
ARI,2016,7,-6,1,2
ATL,2016,11,3,4,2
BAL,2016,8,3,3,3
BUF,2016,7,-1,4,1
CAR,2016,6,-9,4,3
CHI,2016,3,-3,1,1
CIN,2016,6,-6,4,3
CLE,2016,1,-2,2,1
DAL,2016,13,9,4,1
DEN,2016,9,-3,2,2
DET,2016,9,2,3,3
GB,2016,10,0,4,2
HOU,2016,9,0,2,2
IND,2016,8,0,2,1
JAX,2016,3,-2,2,0
KC,2016,12,1,3,2
LA,2016,4,-3,3,3
LAC,2016,5,1,2,1
LV,2016,12,5,4,3
MIA,2016,10,4,1,1
MIN,2016,8,-3,3,2
NE,2016,14,2,3,2
NO,2016,7,0,3,1
NYG,2016,11,5,3,1
NYJ,2016,5,-5,2,3
PHI,2016,7,0,3,2
PIT,2016,11,1,4,2
SEA,2016,10,0,2,3
SF,2016,2,-3,1,3
TB,2016,9,3,3,2
TEN,2016,9,6,1,3
WAS,2016,8,-1,4,2
ARI,2017,8,1,3,3
ATL,2017,10,-1,4,3
BAL,2017,9,1,1,2
BUF,2017,9,2,3,2
CAR,2017,11,5,3,2
CHI,2017,5,2,4,3
CIN,2017,7,1,3,3
CLE,2017,0,-1,1,2
DAL,2017,9,-4,3,2
DEN,2017,5,-4,2,1
DET,2017,9,0,3,1
GB,2017,7,-3,3,3
HOU,2017,4,-5,3,1
IND,2017,4,-4,3,0
JAX,2017,10,7,4,2
KC,2017,10,-2,4,2
LA,2017,11,7,2,2
LAC,2017,9,4,1,1
LV,2017,6,-6,4,2
MIA,2017,6,-4,2,3
MIN,2017,13,5,1,3
NE,2017,13,-1,5,1
NO,2017,11,4,3,2
NYG,2017,3,-8,3,3
NYJ,2017,5,0,3,3
PHI,2017,13,6,3,2
PIT,2017,13,2,4,3
SEA,2017,9,-1,2,2
SF,2017,6,4,3,1
TB,2017,5,-4,4,2
TEN,2017,9,0,5,3
WAS,2017,7,-1,4,1
ARI,2018,3,-5,0,1
ATL,2018,7,-3,4,2
BAL,2018,10,1,2,2
BUF,2018,6,-3,3,2
CAR,2018,7,-4,1,3
CHI,2018,12,7,3,2
CIN,2018,6,-1,2,2
CLE,2018,7,7,3,2
DAL,2018,10,1,3,3
DEN,2018,6,1,2,3
DET,2018,6,-3,3,1
GB,2018,6,-1,3,3
HOU,2018,11,7,1,2
IND,2018,10,6,2,1
JAX,2018,5,-5,3,3
KC,2018,12,2,2,2
LA,2018,13,2,4,2
LAC,2018,12,3,2,2
LV,2018,4,-2,3,0
MIA,2018,7,1,3,2
MIN,2018,8,-5,3,3
NE,2018,11,-2,4,4
NO,2018,13,2,4,3
NYG,2018,5,2,0,2
NYJ,2018,4,-1,4,2
PHI,2018,9,-4,4,3
PIT,2018,9,-4,4,4
SEA,2018,10,1,2,2
SF,2018,4,-2,2,2
TB,2018,5,0,3,1
TEN,2018,9,0,5,2
WAS,2018,7,0,4,2
ARI,2019,5,2,1,2
ATL,2019,7,0,3,2
BAL,2019,14,4,4,3
BUF,2019,10,4,1,1
CAR,2019,5,-2,3,1
CHI,2019,8,-4,4,3
CIN,2019,2,-4,2,3
CLE,2019,6,-1,3,2
DAL,2019,8,-2,4,2
DEN,2019,7,1,2,1
DET,2019,3,-3,4,2
GB,2019,13,7,3,3
HOU,2019,10,-1,2,3
IND,2019,7,-3,5,3
JAX,2019,6,1,3,2
KC,2019,12,0,3,2
LA,2019,9,-4,3,2
LAC,2019,5,-7,3,1
LV,2019,7,3,3,2
MIA,2019,5,-2,1,1
MIN,2019,10,2,3,3
NE,2019,12,1,3,1
NO,2019,13,0,4,2
NYG,2019,4,-1,2,2
NYJ,2019,7,3,3,2
PHI,2019,9,0,4,2
PIT,2019,8,-1,5,4
SEA,2019,11,1,3,1
SF,2019,13,9,4,3
TB,2019,7,2,4,3
TEN,2019,9,0,3,3
WAS,2019,3,-4,3,3
ARI,2020,8,3,3,1
ATL,2020,4,-3,4,2
BAL,2020,11,-3,3,1
BUF,2020,13,3,2,2
CAR,2020,5,0,2,0
CHI,2020,8,0,2,1
CIN,2020,4,2,3,1
CLE,2020,11,5,3,4
DAL,2020,6,-2,2,1
DEN,2020,5,-2,3,2
DET,2020,5,2,2,1
GB,2020,13,0,4,3
HOU,2020,4,-6,5,2
IND,2020,11,4,5,2
JAX,2020,1,-5,4,0
KC,2020,14,2,2,3
LA,2020,10,1,3,4
LAC,2020,7,2,2,2
LV,2020,8,1,3,2
MIA,2020,10,5,1,1
MIN,2020,7,-3,3,1
NE,2020,7,-5,2,2
NO,2020,12,-1,4,2
NYG,2020,6,2,2,3
NYJ,2020,2,-5,1,2
PHI,2020,4,-5,2,2
PIT,2020,12,4,4,3
SEA,2020,12,1,1,1
SF,2020,6,-7,2,1
TB,2020,11,4,4,1
TEN,2020,11,2,3,2
WAS,2020,7,4,3,2
ARI,2021,11,3,3,3
ATL,2021,7,3,3,2
BAL,2021,8,-3,2,3
BUF,2021,11,-2,4,3
CAR,2021,5,0,2,2
CHI,2021,6,-2,2,2
CIN,2021,10,6,3,1
CLE,2021,8,-3,4,1
DAL,2021,12,6,3,0
DEN,2021,7,2,3,3
DET,2021,3,-2,1,1
GB,2021,13,0,2,4
HOU,2021,4,0,2,0
IND,2021,9,-2,4,2
JAX,2021,3,2,3,2
KC,2021,12,-2,1,2
LA,2021,12,2,3,2
LAC,2021,9,2,0,3
LV,2021,10,2,1,2
MIA,2021,9,-1,2,2
MIN,2021,8,1,3,0
NE,2021,10,3,4,2
NO,2021,9,-3,3,1
NYG,2021,4,-2,2,2
NYJ,2021,4,2,3,3
PHI,2021,9,5,2,2
PIT,2021,9,-3,1,2
SEA,2021,7,-5,4,1
SF,2021,10,4,3,2
TB,2021,13,2,5,2
TEN,2021,12,1,4,1
WAS,2021,7,0,3,3
ARI,2022,4,-7,3,3
ATL,2022,7,0,3,2
BAL,2022,10,2,2,2
BUF,2022,13,2,3,2
CAR,2022,7,2,1,2
CHI,2022,3,-3,2,0
CIN,2022,12,2,1,2
CLE,2022,7,-1,3,1
DAL,2022,12,0,3,2
DEN,2022,5,-2,3,2
DET,2022,9,6,3,1
GB,2022,8,-5,2,2
HOU,2022,3,-1,1,2
IND,2022,4,-5,3,3
JAX,2022,9,6,2,2
KC,2022,14,2,5,3
LA,2022,5,-7,1,3
LAC,2022,10,1,2,0
LV,2022,6,-4,2,1
MIA,2022,9,0,2,3
MIN,2022,13,5,4,1
NE,2022,8,-2,3,3
NO,2022,7,-2,4,2
NYG,2022,9,5,1,2
NYJ,2022,7,3,2,3
PHI,2022,14,5,4,3
PIT,2022,9,0,3,2
SEA,2022,9,2,2,2
SF,2022,13,3,1,2
TB,2022,8,-5,2,2
TEN,2022,7,-5,2,3
WAS,2022,8,1,2,3
ARI,2023,4,0,2,0
ATL,2023,7,0,4,1
BAL,2023,13,3,4,2
BUF,2023,11,-2,3,2
CAR,2023,2,-5,3,1
CHI,2023,7,4,3,1
CIN,2023,9,-3,4,3
CLE,2023,11,4,3,1
DAL,2023,12,0,4,3
DEN,2023,8,3,2,2
DET,2023,12,3,4,3
GB,2023,9,1,3,2
HOU,2023,10,7,1,1
IND,2023,9,5,4,2
JAX,2023,9,0,3,2
KC,2023,11,-3,3,3
LA,2023,10,5,3,1
LAC,2023,5,-5,3,2
LV,2023,8,2,4,2
MIA,2023,11,2,2,4
MIN,2023,7,-6,4,2
NE,2023,4,-4,4,3
NO,2023,9,2,5,1
NYG,2023,6,-3,2,1
NYJ,2023,7,0,1,2
PHI,2023,11,-3,4,2
PIT,2023,10,1,3,2
SEA,2023,9,0,2,0
SF,2023,12,-1,4,1
TB,2023,9,1,2,2
TEN,2023,6,-1,1,3
WAS,2023,4,-4,2,3
ARI,2024,8,4,2,2
ATL,2024,8,1,4,1
BAL,2024,12,-1,2,4
BUF,2024,13,2,4,2
CAR,2024,5,3,3,1
CHI,2024,5,-2,3,1
CIN,2024,9,0,3,3
CLE,2024,3,-8,3,2
DAL,2024,7,-5,3,1
DEN,2024,10,2,4,2
DET,2024,15,3,4,1
GB,2024,11,2,4,2
HOU,2024,10,0,2,1
IND,2024,8,-1,3,2
JAX,2024,4,-5,3,0
KC,2024,15,4,4,3
LA,2024,10,0,4,2
LAC,2024,11,6,3,2
LV,2024,4,-4,3,3
MIA,2024,8,-3,2,2
MIN,2024,14,7,3,2
NE,2024,4,0,1,1
NO,2024,5,-4,1,3
NYG,2024,3,-3,1,2
NYJ,2024,5,-2,1,2
PHI,2024,14,3,4,2
PIT,2024,10,0,3,3
SEA,2024,10,1,2,3
SF,2024,6,-6,4,1
TB,2024,10,1,3,4
TEN,2024,3,-3,3,1
WAS,2024,12,8,2,1
ARI,2025,3,-5,5,1
ATL,2025,8,0,4,1
BAL,2025,8,-4,4,1
BUF,2025,12,-1,5,2
CAR,2025,8,3,4,1
CHI,2025,11,6,1,2
CIN,2025,6,-3,2,2
CLE,2025,5,2,3,2
DAL,2025,7,0,4,1
DEN,2025,14,4,4,3
DET,2025,9,-6,3,2
GB,2025,9,-2,3,2
HOU,2025,12,2,1,2
IND,2025,8,0,4,3
JAX,2025,13,9,3,4
KC,2025,6,-9,3,2
LA,2025,12,2,3,3
LAC,2025,11,0,3,0
LV,2025,3,-1,2,2
MIA,2025,7,-1,1,1
MIN,2025,9,-5,2,1
NE,2025,14,10,1,0
NO,2025,6,1,2,3
NYG,2025,4,1,4,1
NYJ,2025,3,-2,2,1
PHI,2025,11,-3,3,3
PIT,2025,10,0,4,2
SEA,2025,14,4,2,3
SF,2025,12,6,4,1
TB,2025,8,-2,3,3
TEN,2025,3,0,2,4
WAS,2025,5,-7,2,2
